ensembl_id,gene_symbol
ENSG00000000938,FGR
ENSG00000000971,CFH
ENSG00000001460,STPG1
ENSG00000001626,CFTR
ENSG00000002745,WNT16
ENSG00000002822,MAD1L1
ENSG00000002834,LASP1
ENSG00000002933,TMEM176A
ENSG00000003137,CYP26B1
ENSG00000004478,FKBP4
ENSG00000004779,NDUFAB1
ENSG00000004799,PDK4
ENSG00000004809,SLC22A16
ENSG00000004864,SLC25A13
ENSG00000004897,CDC27
ENSG00000004939,SLC4A1
ENSG00000005020,SKAP2
ENSG00000005059,MCUB
ENSG00000005073,HOXA11
ENSG00000005243,COPZ2
ENSG00000005339,CREBBP
ENSG00000005381,MPO
ENSG00000005421,PON1
ENSG00000005471,ABCB4
ENSG00000005483,KMT2E
ENSG00000005961,ITGA2B
ENSG00000006062,MAP3K14
ENSG00000006071,ABCC8
ENSG00000006125,AP2B1
ENSG00000006128,TAC1
ENSG00000006282,SPATA20
ENSG00000006283,CACNA1G
ENSG00000006377,DLX6
ENSG00000006453,BAIAP2L1
ENSG00000006468,ETV1
ENSG00000006638,TBXA2R
ENSG00000007062,PROM1
ENSG00000007168,PAFAH1B1
ENSG00000007314,SCN4A
ENSG00000007866,TEAD3
ENSG00000007944,MYLIP
ENSG00000008083,JARID2
ENSG00000008086,CDKL5
ENSG00000008196,TFAP2B
ENSG00000008300,CELSR3
ENSG00000008394,MGST1
ENSG00000008710,PKD1
ENSG00000008988,RPS20
ENSG00000009709,PAX7
ENSG00000009950,MLXIPL
ENSG00000009954,BAZ1B
ENSG00000010072,SPRTN
ENSG00000010165,METTL13
ENSG00000010310,GIPR
ENSG00000010318,PHF7
ENSG00000010319,SEMA3G
ENSG00000010327,STAB1
ENSG00000010379,SLC6A13
ENSG00000010610,CD4
ENSG00000010671,BTK
ENSG00000010704,HFE
ENSG00000011105,TSPAN9
ENSG00000011143,MKS1
ENSG00000011295,TTC19
ENSG00000011347,SYT7
ENSG00000011405,PIK3C2A
ENSG00000011454,RABGAP1
ENSG00000011523,CEP68
ENSG00000011566,MAP4K3
ENSG00000011677,GABRA3
ENSG00000012048,BRCA1
ENSG00000012660,ELOVL5
ENSG00000013016,EHD3
ENSG00000013293,SLC7A14
ENSG00000013523,ANGEL1
ENSG00000013810,TACC3
ENSG00000014123,UFL1
ENSG00000014138,POLA2
ENSG00000014257,ACP3
ENSG00000014914,MTMR11
ENSG00000015171,ZMYND11
ENSG00000015413,DPEP1
ENSG00000015520,NPC1L1
ENSG00000016082,ISL1
ENSG00000017427,IGF1
ENSG00000018280,SLC11A1
ENSG00000018408,WWTR1
ENSG00000018699,TTC27
ENSG00000019582,CD74
ENSG00000019991,HGF
ENSG00000020633,RUNX3
ENSG00000020922,MRE11
ENSG00000021574,SPAST
ENSG00000021645,NRXN3
ENSG00000021826,CPS1
ENSG00000022267,FHL1
ENSG00000022355,GABRA1
ENSG00000023041,ZDHHC6
ENSG00000023445,BIRC3
ENSG00000023516,AKAP11
ENSG00000023572,GLRX2
ENSG00000023892,DEF6
ENSG00000025434,NR1H3
ENSG00000025708,TYMP
ENSG00000025770,NCAPH2
ENSG00000026025,VIM
ENSG00000026103,FAS
ENSG00000026652,AGPAT4
ENSG00000027001,MIPEP
ENSG00000027697,IFNGR1
ENSG00000028137,TNFRSF1B
ENSG00000028839,TBPL1
ENSG00000029363,BCLAF1
ENSG00000029534,ANK1
ENSG00000029725,RABEP1
ENSG00000030066,NUP160
ENSG00000030304,MUSK
ENSG00000030419,IKZF2
ENSG00000032219,ARID4A
ENSG00000033011,ALG1
ENSG00000033170,FUT8
ENSG00000033800,PIAS1
ENSG00000035115,SH3YL1
ENSG00000035928,RFC1
ENSG00000036257,CUL3
ENSG00000036530,CYP46A1
ENSG00000036549,ZZZ3
ENSG00000037280,FLT4
ENSG00000037474,NSUN2
ENSG00000038295,TLL1
ENSG00000038427,VCAN
ENSG00000038945,MSR1
ENSG00000039068,CDH1
ENSG00000039139,DNAH5
ENSG00000039537,C6
ENSG00000039560,RAI14
ENSG00000040341,STAU2
ENSG00000041357,PSMA4
ENSG00000041515,MYO16
ENSG00000041880,PARP3
ENSG00000041982,TNC
ENSG00000041988,THAP3
ENSG00000043591,ADRB1
ENSG00000046604,DSG2
ENSG00000046651,OFD1
ENSG00000046889,PREX2
ENSG00000047056,WDR37
ENSG00000047249,ATP6V1H
ENSG00000047578,KATNIP
ENSG00000047579,DTNBP1
ENSG00000047617,ANO2
ENSG00000047849,MAP4
ENSG00000047936,ROS1
ENSG00000048052,HDAC9
ENSG00000048342,CC2D2A
ENSG00000048392,RRM2B
ENSG00000048405,ZNF800
ENSG00000048462,TNFRSF17
ENSG00000048540,LMO3
ENSG00000048828,FAM120A
ENSG00000049130,KITLG
ENSG00000049192,ADAMTS6
ENSG00000049239,H6PD
ENSG00000049541,RFC2
ENSG00000049618,ARID1B
ENSG00000049759,NEDD4L
ENSG00000050327,ARHGEF5
ENSG00000050344,NFE2L3
ENSG00000050628,PTGER3
ENSG00000051180,RAD51
ENSG00000051382,PIK3CB
ENSG00000051825,MPHOSPH9
ENSG00000052795,FNIP2
ENSG00000052841,TTC17
ENSG00000053900,ANAPC4
ENSG00000054523,KIF1B
ENSG00000054598,FOXC1
ENSG00000054938,CHRDL2
ENSG00000054983,GALC
ENSG00000055147,FAM114A2
ENSG00000055163,CYFIP2
ENSG00000055208,TAB2
ENSG00000055609,KMT2C
ENSG00000055950,MRPL43
ENSG00000055955,ITIH4
ENSG00000057294,PKP2
ENSG00000057593,F7
ENSG00000057657,PRDM1
ENSG00000057663,ATG5
ENSG00000058335,RASGRF1
ENSG00000058729,RIOK2
ENSG00000058804,NDC1
ENSG00000060138,YBX3
ENSG00000060237,WNK1
ENSG00000060566,CREB3L3
ENSG00000060642,PIGV
ENSG00000060718,COL11A1
ENSG00000060982,BCAT1
ENSG00000061273,HDAC7
ENSG00000061918,GUCY1B1
ENSG00000061938,TNK2
ENSG00000061987,MON2
ENSG00000062038,CDH3
ENSG00000062282,DGAT2
ENSG00000062716,VMP1
ENSG00000062822,POLD1
ENSG00000063176,SPHK2
ENSG00000063177,RPL18
ENSG00000063660,GPC1
ENSG00000064012,CASP8
ENSG00000064225,ST3GAL6
ENSG00000064309,CDON
ENSG00000064313,TAF2
ENSG00000064601,CTSA
ENSG00000064651,SLC12A2
ENSG00000064655,EYA2
ENSG00000064703,DDX20
ENSG00000064787,BCAS1
ENSG00000064835,POU1F1
ENSG00000064989,CALCRL
ENSG00000064999,ANKS1A
ENSG00000065000,AP3D1
ENSG00000065054,NHERF2
ENSG00000065060,BLTP3A
ENSG00000065243,PKN2
ENSG00000065361,ERBB3
ENSG00000065526,SPEN
ENSG00000065559,MAP2K4
ENSG00000065600,PACC1
ENSG00000065609,SNAP91
ENSG00000065621,GSTO2
ENSG00000065989,PDE4A
ENSG00000066027,PPP2R5A
ENSG00000066032,CTNNA2
ENSG00000066279,ASPM
ENSG00000066382,MPPED2
ENSG00000066422,ZBTB11
ENSG00000066427,ATXN3
ENSG00000066468,FGFR2
ENSG00000066735,KIF26A
ENSG00000066827,ZFAT
ENSG00000067064,IDI1
ENSG00000067082,KLF6
ENSG00000067182,TNFRSF1A
ENSG00000067208,EVI5
ENSG00000067221,STOML1
ENSG00000067560,RHOA
ENSG00000067842,ATP2B3
ENSG00000067900,ROCK1
ENSG00000067992,PDK3
ENSG00000068024,HDAC4
ENSG00000068078,FGFR3
ENSG00000068120,COASY
ENSG00000068615,REEP1
ENSG00000068650,ATP11A
ENSG00000068784,SRBD1
ENSG00000068885,IFT80
ENSG00000068976,PYGM
ENSG00000069020,MAST4
ENSG00000069399,BCL3
ENSG00000069431,ABCC9
ENSG00000069482,GAL
ENSG00000069667,RORA
ENSG00000069849,ATP1B3
ENSG00000069974,RAB27A
ENSG00000070019,GUCY2C
ENSG00000070031,SCT
ENSG00000070193,FGF10
ENSG00000070366,SMG6
ENSG00000070540,WIPI1
ENSG00000070778,PTPN21
ENSG00000070831,CDC42
ENSG00000070915,SLC12A3
ENSG00000070950,RAD18
ENSG00000071051,NCK2
ENSG00000071082,RPL31
ENSG00000071127,WDR1
ENSG00000071189,SNX13
ENSG00000071462,BUD23
ENSG00000071564,TCF3
ENSG00000071575,TRIB2
ENSG00000072110,ACTN1
ENSG00000072657,TRHDE
ENSG00000072682,P4HA2
ENSG00000072694,FCGR2B
ENSG00000072818,ACAP1
ENSG00000072952,IRAG1
ENSG00000073060,SCARB1
ENSG00000073067,CYP2W1
ENSG00000073331,ALPK1
ENSG00000073578,SDHA
ENSG00000073605,GSDMB
ENSG00000073712,FERMT2
ENSG00000073734,ABCB11
ENSG00000073737,DHRS9
ENSG00000073756,PTGS2
ENSG00000073792,IGF2BP2
ENSG00000073849,ST6GAL1
ENSG00000073921,PICALM
ENSG00000073969,NSF
ENSG00000074047,GLI2
ENSG00000074410,CA12
ENSG00000074527,NTN4
ENSG00000074582,BCS1L
ENSG00000074590,NUAK1
ENSG00000075035,WSCD2
ENSG00000075043,KCNQ2
ENSG00000075151,EIF4G3
ENSG00000075218,GTSE1
ENSG00000075239,ACAT1
ENSG00000075292,ZNF638
ENSG00000075388,FGF4
ENSG00000075413,MARK3
ENSG00000075426,FOSL2
ENSG00000075429,CACNG5
ENSG00000075568,TMEM131
ENSG00000075618,FSCN1
ENSG00000075651,PLD1
ENSG00000075711,DLG1
ENSG00000075884,ARHGAP15
ENSG00000075891,PAX2
ENSG00000075975,MKRN2
ENSG00000076003,MCM6
ENSG00000076067,RBMS2
ENSG00000076201,PTPN23
ENSG00000076242,MLH1
ENSG00000076554,TPD52
ENSG00000076555,ACACB
ENSG00000076984,MAP2K7
ENSG00000077044,DGKD
ENSG00000077063,CTTNBP2
ENSG00000077080,ACTL6B
ENSG00000077092,RARB
ENSG00000077454,LRCH4
ENSG00000077498,TYR
ENSG00000077514,POLD3
ENSG00000077684,JADE1
ENSG00000077782,FGFR1
ENSG00000077943,ITGA8
ENSG00000078061,ARAF
ENSG00000078114,NEBL
ENSG00000078140,UBE2K
ENSG00000078177,N4BP2
ENSG00000078269,SYNJ2
ENSG00000078369,GNB1
ENSG00000078401,EDN1
ENSG00000078403,MLLT10
ENSG00000079134,THOC1
ENSG00000079215,SLC1A3
ENSG00000079263,SP140
ENSG00000079313,REXO1
ENSG00000079393,DUSP13B
ENSG00000079432,CIC
ENSG00000079459,FDFT1
ENSG00000079616,KIF22
ENSG00000079691,CARMIL1
ENSG00000079739,PGM1
ENSG00000079819,EPB41L2
ENSG00000080031,PTPRH
ENSG00000080166,DCT
ENSG00000080644,CHRNA3
ENSG00000080802,CNOT4
ENSG00000080815,PSEN1
ENSG00000080819,CPOX
ENSG00000080823,MOK
ENSG00000080824,HSP90AA1
ENSG00000080854,IGSF9B
ENSG00000081026,MAGI3
ENSG00000081051,AFP
ENSG00000081052,COL4A4
ENSG00000081059,TCF7
ENSG00000081148,IMPG2
ENSG00000081177,EXD2
ENSG00000081189,MEF2C
ENSG00000081237,PTPRC
ENSG00000081248,CACNA1S
ENSG00000081760,AACS
ENSG00000081923,ATP8B1
ENSG00000081985,IL12RB2
ENSG00000082175,PGR
ENSG00000082258,CCNT2
ENSG00000082438,COBLL1
ENSG00000082482,KCNK2
ENSG00000082512,TRAF5
ENSG00000082556,OPRK1
ENSG00000082781,ITGB5
ENSG00000082898,XPO1
ENSG00000083093,PALB2
ENSG00000083307,GRHL2
ENSG00000083312,TNPO1
ENSG00000083444,PLOD1
ENSG00000083642,PDS5B
ENSG00000083799,CYLD
ENSG00000083857,FAT1
ENSG00000084093,REST
ENSG00000084674,APOB
ENSG00000084710,EFR3B
ENSG00000084734,GCKR
ENSG00000084764,MAPRE3
ENSG00000084774,CAD
ENSG00000085224,ATRX
ENSG00000085274,MYNN
ENSG00000085276,MECOM
ENSG00000085491,SLC25A24
ENSG00000085563,ABCB1
ENSG00000085721,RRN3
ENSG00000085760,MTIF2
ENSG00000085788,DDHD2
ENSG00000086015,MAST2
ENSG00000086062,B4GALT1
ENSG00000086189,DIMT1
ENSG00000086289,EPDR1
ENSG00000086300,SNX10
ENSG00000086475,SEPHS1
ENSG00000086991,NOX4
ENSG00000087076,HSD17B14
ENSG00000087128,TMPRSS11E
ENSG00000087157,PGS1
ENSG00000087191,PSMC5
ENSG00000087206,UIMC1
ENSG00000087237,CETP
ENSG00000087460,GNAS
ENSG00000087470,DNM1L
ENSG00000087494,PTHLH
ENSG00000087502,ERGIC2
ENSG00000087586,AURKA
ENSG00000088002,SULT2B1
ENSG00000088038,CNOT3
ENSG00000088205,DDX18
ENSG00000088280,ASAP3
ENSG00000088451,TGDS
ENSG00000088727,KIF9
ENSG00000088826,SMOX
ENSG00000088827,SIGLEC1
ENSG00000088832,FKBP1A
ENSG00000088930,XRN2
ENSG00000089177,KIF16B
ENSG00000089250,NOS1
ENSG00000089280,FUS
ENSG00000089472,HEPH
ENSG00000089692,LAG3
ENSG00000089818,NECAP1
ENSG00000089820,ARHGAP4
ENSG00000090339,ICAM1
ENSG00000090382,LYZ
ENSG00000090447,TFAP4
ENSG00000090470,PDCD7
ENSG00000090615,GOLGA3
ENSG00000090621,PABPC4
ENSG00000090674,MCOLN1
ENSG00000090863,GLG1
ENSG00000090905,TNRC6A
ENSG00000090932,DLL3
ENSG00000091106,NLRC4
ENSG00000091138,SLC26A3
ENSG00000091157,WDR7
ENSG00000091317,CMTM6
ENSG00000091409,ITGA6
ENSG00000091483,FH
ENSG00000091490,SEL1L3
ENSG00000091536,MYO15A
ENSG00000091583,APOH
ENSG00000091656,ZFHX4
ENSG00000091732,ZC3HC1
ENSG00000091831,ESR1
ENSG00000091844,RGS17
ENSG00000092020,PPP2R3C
ENSG00000092068,SLC7A8
ENSG00000092529,CAPN3
ENSG00000092607,TBX15
ENSG00000092758,COL9A3
ENSG00000092847,AGO1
ENSG00000092929,UNC13D
ENSG00000092969,TGFB2
ENSG00000093010,COMT
ENSG00000093167,LRRFIP2
ENSG00000095002,MSH2
ENSG00000095015,MAP3K1
ENSG00000095209,TMEM38B
ENSG00000095303,PTGS1
ENSG00000095321,CRAT
ENSG00000095380,NANS
ENSG00000095397,WHRN
ENSG00000095485,CWF19L1
ENSG00000095596,CYP26A1
ENSG00000095787,WAC
ENSG00000095951,HIVEP1
ENSG00000095981,KCNK16
ENSG00000096060,FKBP5
ENSG00000096088,PGC
ENSG00000096384,HSP90AB1
ENSG00000096696,DSP
ENSG00000096717,SIRT1
ENSG00000096968,JAK2
ENSG00000097007,ABL1
ENSG00000097046,CDC7
ENSG00000099246,RAB18
ENSG00000099256,PRTFDC1
ENSG00000099282,TSPAN15
ENSG00000099381,SETD1A
ENSG00000099795,NDUFB7
ENSG00000099810,MTAP
ENSG00000099937,SERPIND1
ENSG00000099956,SMARCB1
ENSG00000099974,DDTL
ENSG00000099977,DDT
ENSG00000099991,CABIN1
ENSG00000100014,SPECC1L
ENSG00000100154,TTC28
ENSG00000100209,HSCB
ENSG00000100211,CBY1
ENSG00000100219,XBP1
ENSG00000100226,GTPBP1
ENSG00000100227,POLDIP3
ENSG00000100234,TIMP3
ENSG00000100242,SUN2
ENSG00000100243,CYB5R3
ENSG00000100249,C22orf31
ENSG00000100292,HMOX1
ENSG00000100311,PDGFB
ENSG00000100316,RPL3
ENSG00000100320,RBFOX2
ENSG00000100330,MTMR3
ENSG00000100342,APOL1
ENSG00000100344,PNPLA3
ENSG00000100345,MYH9
ENSG00000100346,CACNA1I
ENSG00000100364,KIAA0930
ENSG00000100368,CSF2RB
ENSG00000100385,IL2RB
ENSG00000100393,EP300
ENSG00000100429,HDAC10
ENSG00000100433,KCNK10
ENSG00000100441,KHNYN
ENSG00000100479,POLE2
ENSG00000100485,SOS2
ENSG00000100558,PLEK2
ENSG00000100599,RIN3
ENSG00000100603,SNW1
ENSG00000100604,CHGA
ENSG00000100605,ITPK1
ENSG00000100632,ERH
ENSG00000100644,HIF1A
ENSG00000100647,SUSD6
ENSG00000100697,DICER1
ENSG00000100784,RPS6KA5
ENSG00000100796,PPP4R3A
ENSG00000100804,PSMB5
ENSG00000100813,ACIN1
ENSG00000100815,TRIP11
ENSG00000100823,APEX1
ENSG00000100979,PLTP
ENSG00000100982,PCIF1
ENSG00000100985,MMP9
ENSG00000100991,TRPC4AP
ENSG00000100994,PYGB
ENSG00000101003,GINS1
ENSG00000101019,UQCC1
ENSG00000101076,HNF4A
ENSG00000101096,NFATC2
ENSG00000101115,SALL4
ENSG00000101144,BMP7
ENSG00000101162,TUBB1
ENSG00000101180,HRH3
ENSG00000101204,CHRNA4
ENSG00000101210,EEF1A2
ENSG00000101246,ARFRP1
ENSG00000101292,PROKR2
ENSG00000101294,HM13
ENSG00000101307,SIRPB1
ENSG00000101311,FERMT1
ENSG00000101323,HAO1
ENSG00000101346,POFUT1
ENSG00000101384,JAG1
ENSG00000101400,SNTA1
ENSG00000101421,CHMP4B
ENSG00000101438,SLC32A1
ENSG00000101440,ASIP
ENSG00000101489,CELF4
ENSG00000101577,LPIN2
ENSG00000101665,SMAD7
ENSG00000101670,LIPG
ENSG00000101751,POLI
ENSG00000101782,RIOK3
ENSG00000101868,POLA1
ENSG00000101882,NKAP
ENSG00000102001,CACNA1F
ENSG00000102024,PLS3
ENSG00000102081,FMR1
ENSG00000102098,SCML2
ENSG00000102100,SLC35A2
ENSG00000102125,TAFAZZIN
ENSG00000102218,RP2
ENSG00000102245,CD40LG
ENSG00000102287,GABRE
ENSG00000102452,NALCN
ENSG00000102468,HTR2A
ENSG00000102524,TNFSF13B
ENSG00000102531,FNDC3A
ENSG00000102547,CAB39L
ENSG00000102554,KLF5
ENSG00000102572,STK24
ENSG00000102595,UGGT2
ENSG00000102606,ARHGEF7
ENSG00000102755,FLT1
ENSG00000102780,DGKH
ENSG00000102837,OLFM4
ENSG00000102858,MGRN1
ENSG00000102900,NUP93
ENSG00000102908,NFAT5
ENSG00000102935,ZNF423
ENSG00000102967,DHODH
ENSG00000102970,CCL17
ENSG00000102974,CTCF
ENSG00000103018,CYB5B
ENSG00000103035,PSMD7
ENSG00000103037,SETD6
ENSG00000103043,VAC14
ENSG00000103047,TANGO6
ENSG00000103126,AXIN1
ENSG00000103150,MLYCD
ENSG00000103197,TSC2
ENSG00000103202,NME4
ENSG00000103222,ABCC1
ENSG00000103241,FOXF1
ENSG00000103253,HAGHL
ENSG00000103335,PIEZO1
ENSG00000103494,RPGRIP1L
ENSG00000103546,SLC6A2
ENSG00000103569,AQP9
ENSG00000103599,IQCH
ENSG00000103653,CSK
ENSG00000103657,HERC1
ENSG00000103723,AP3B2
ENSG00000103742,IGDCC4
ENSG00000103966,EHD4
ENSG00000104067,TJP1
ENSG00000104081,BMF
ENSG00000104112,SCG3
ENSG00000104164,BLOC1S6
ENSG00000104213,PDGFRL
ENSG00000104237,RP1
ENSG00000104313,EYA1
ENSG00000104320,NBN
ENSG00000104321,TRPA1
ENSG00000104365,IKBKB
ENSG00000104408,EIF3E
ENSG00000104432,IL7
ENSG00000104435,STMN2
ENSG00000104442,ARMC1
ENSG00000104447,TRPS1
ENSG00000104499,GML
ENSG00000104643,MTMR9
ENSG00000104689,TNFRSF10A
ENSG00000104756,KCTD9
ENSG00000104783,KCNN4
ENSG00000104833,TUBB4A
ENSG00000104853,CLPTM1
ENSG00000104856,RELB
ENSG00000104870,FCGRT
ENSG00000104880,ARHGEF18
ENSG00000104885,DOT1L
ENSG00000104969,SGTA
ENSG00000104973,MED25
ENSG00000104998,IL27RA
ENSG00000105048,TNNT1
ENSG00000105171,POP4
ENSG00000105173,CCNE1
ENSG00000105185,PDCD5
ENSG00000105186,ANKRD27
ENSG00000105221,AKT2
ENSG00000105287,PRKD2
ENSG00000105327,BBC3
ENSG00000105329,TGFB1
ENSG00000105357,MYH14
ENSG00000105364,MRPL4
ENSG00000105369,CD79A
ENSG00000105370,LIM2
ENSG00000105371,ICAM4
ENSG00000105383,CD33
ENSG00000105388,CEACAM5
ENSG00000105392,CRX
ENSG00000105398,SULT2A1
ENSG00000105409,ATP1A3
ENSG00000105464,GRIN2D
ENSG00000105538,RASIP1
ENSG00000105550,FGF21
ENSG00000105583,WDR83OS
ENSG00000105607,GCDH
ENSG00000105639,JAK3
ENSG00000105647,PIK3R2
ENSG00000105650,PDE4C
ENSG00000105668,UPK1A
ENSG00000105675,ATP4A
ENSG00000105677,TMEM147
ENSG00000105707,HPN
ENSG00000105726,ATP13A1
ENSG00000105738,SIPA1L3
ENSG00000105810,CDK6
ENSG00000105835,NAMPT
ENSG00000105851,PIK3CG
ENSG00000105854,PON2
ENSG00000105856,HBP1
ENSG00000105866,SP4
ENSG00000105875,WDR91
ENSG00000105877,DNAH11
ENSG00000105948,IFT56
ENSG00000105953,OGDH
ENSG00000105971,CAV2
ENSG00000105976,MET
ENSG00000105982,RNF32
ENSG00000105989,WNT2
ENSG00000105993,DNAJB6
ENSG00000106025,TSPAN12
ENSG00000106031,HOXA13
ENSG00000106049,HIBADH
ENSG00000106066,CPVL
ENSG00000106070,GRB10
ENSG00000106105,GARS1
ENSG00000106258,CYP3A5
ENSG00000106268,NUDT1
ENSG00000106327,TFR2
ENSG00000106348,IMPDH1
ENSG00000106460,TMEM106B
ENSG00000106462,EZH2
ENSG00000106483,SFRP4
ENSG00000106511,MEOX2
ENSG00000106536,POU6F2
ENSG00000106546,AHR
ENSG00000106571,GLI3
ENSG00000106615,RHEB
ENSG00000106628,POLD2
ENSG00000106633,GCK
ENSG00000106648,GALNTL5
ENSG00000106682,EIF4H
ENSG00000106688,SLC1A1
ENSG00000106723,SPIN1
ENSG00000106772,PRUNE2
ENSG00000106799,TGFBR1
ENSG00000106804,C5
ENSG00000106927,AMBP
ENSG00000106991,ENG
ENSG00000107105,ELAVL2
ENSG00000107165,TYRP1
ENSG00000107242,PIP5K1B
ENSG00000107249,GLIS3
ENSG00000107295,SH3GL2
ENSG00000107485,GATA3
ENSG00000107562,CXCL12
ENSG00000107566,ERLIN1
ENSG00000107593,PKD2L1
ENSG00000107611,CUBN
ENSG00000107614,TRDMT1
ENSG00000107651,SEC23IP
ENSG00000107796,ACTA2
ENSG00000107815,TWNK
ENSG00000107859,PITX3
ENSG00000107862,GBF1
ENSG00000107864,CPEB3
ENSG00000107929,LARP4B
ENSG00000107954,NEURL1
ENSG00000107957,SH3PXD2A
ENSG00000108175,ZMIZ1
ENSG00000108176,DNAJC12
ENSG00000108179,PPIF
ENSG00000108239,TBC1D12
ENSG00000108298,RPL19
ENSG00000108370,RGS9
ENSG00000108375,RNF43
ENSG00000108384,RAD51C
ENSG00000108406,DHX40
ENSG00000108424,KPNB1
ENSG00000108433,GOSR2
ENSG00000108443,RPS6KB1
ENSG00000108465,CDK5RAP3
ENSG00000108479,GALK1
ENSG00000108523,RNF167
ENSG00000108556,CHRNE
ENSG00000108557,RAI1
ENSG00000108576,SLC6A4
ENSG00000108599,AKAP10
ENSG00000108691,CCL2
ENSG00000108771,DHX58
ENSG00000108774,RAB5C
ENSG00000108821,COL1A1
ENSG00000108846,ABCC3
ENSG00000108878,CACNG1
ENSG00000108883,EFTUD2
ENSG00000108924,HLF
ENSG00000108953,YWHAE
ENSG00000108984,MAP2K6
ENSG00000109046,WSB1
ENSG00000109072,VTN
ENSG00000109084,TMEM97
ENSG00000109158,GABRA4
ENSG00000109184,DCUN1D4
ENSG00000109255,NMU
ENSG00000109320,NFKB1
ENSG00000109321,AREG
ENSG00000109332,UBE2D3
ENSG00000109390,NDUFC1
ENSG00000109436,TBC1D9
ENSG00000109458,GAB1
ENSG00000109471,IL2
ENSG00000109670,FBXW7
ENSG00000109674,NEIL3
ENSG00000109685,NSD2
ENSG00000109736,MFSD10
ENSG00000109758,HGFAC
ENSG00000109775,UFSP2
ENSG00000109787,KLF3
ENSG00000109851,DBX1
ENSG00000109861,CTSC
ENSG00000109906,ZBTB16
ENSG00000109911,ELP4
ENSG00000109917,ZPR1
ENSG00000109919,MTCH2
ENSG00000109920,FNBP4
ENSG00000109944,JHY
ENSG00000109956,B3GAT1
ENSG00000109991,P2RX3
ENSG00000110025,SNX15
ENSG00000110057,UNC93B1
ENSG00000110080,ST3GAL4
ENSG00000110090,CPT1A
ENSG00000110092,CCND1
ENSG00000110218,PANX1
ENSG00000110243,APOA5
ENSG00000110244,APOA4
ENSG00000110245,APOC3
ENSG00000110395,CBL
ENSG00000110435,PDHX
ENSG00000110514,MADD
ENSG00000110628,SLC67A1
ENSG00000110665,C11orf21
ENSG00000110680,CALCA
ENSG00000110693,SOX6
ENSG00000110721,CHKA
ENSG00000110777,POU2AF1
ENSG00000110799,VWF
ENSG00000110848,CD69
ENSG00000110876,SELPLG
ENSG00000110880,CORO1C
ENSG00000110888,CAPRIN2
ENSG00000110906,KCTD10
ENSG00000110921,MVK
ENSG00000110987,BCL7A
ENSG00000111087,GLI1
ENSG00000111145,ELK3
ENSG00000111199,TRPV4
ENSG00000111206,FOXM1
ENSG00000111252,SH2B3
ENSG00000111262,KCNA1
ENSG00000111266,DUSP16
ENSG00000111271,ACAD10
ENSG00000111275,ALDH2
ENSG00000111276,CDKN1B
ENSG00000111300,NAA25
ENSG00000111321,LTBR
ENSG00000111328,CDK2AP1
ENSG00000111344,RASAL1
ENSG00000111348,ARHGDIB
ENSG00000111358,GTF2H3
ENSG00000111424,VDR
ENSG00000111452,ADGRD1
ENSG00000111530,CAND1
ENSG00000111537,IFNG
ENSG00000111642,CHD4
ENSG00000111679,PTPN6
ENSG00000111684,LPCAT3
ENSG00000111725,PRKAB1
ENSG00000111783,RFX4
ENSG00000111785,RIC8B
ENSG00000111816,FRK
ENSG00000111913,RIPOR2
ENSG00000112038,OPRM1
ENSG00000112039,FANCE
ENSG00000112041,TULP1
ENSG00000112116,IL17F
ENSG00000112164,GLP1R
ENSG00000112175,BMP5
ENSG00000112195,TREML2
ENSG00000112234,FBXL4
ENSG00000112238,PRDM13
ENSG00000112246,SIM1
ENSG00000112249,ASCC3
ENSG00000112273,HDGFL1
ENSG00000112276,POPDC1
ENSG00000112294,ALDH5A1
ENSG00000112306,RPS12
ENSG00000112339,HBS1L
ENSG00000112367,FIG4
ENSG00000112414,ADGRG6
ENSG00000112486,CCR6
ENSG00000112499,SLC22A2
ENSG00000112530,PACRG
ENSG00000112539,C6orf118
ENSG00000112541,PDE10A
ENSG00000112561,TFEB
ENSG00000112562,SMOC2
ENSG00000112576,CCND3
ENSG00000112592,TBP
ENSG00000112640,PPP2R5D
ENSG00000112699,GMDS
ENSG00000112715,VEGFA
ENSG00000112742,TTK
ENSG00000112761,CCN6
ENSG00000112769,LAMA4
ENSG00000112773,TENT5A
ENSG00000112782,CLIC5
ENSG00000112796,ENPP5
ENSG00000112837,TBX18
ENSG00000112964,GHR
ENSG00000112992,NNT
ENSG00000113141,IK
ENSG00000113161,HMGCR
ENSG00000113196,HAND1
ENSG00000113282,CLINT1
ENSG00000113327,GABRG2
ENSG00000113389,NPR3
ENSG00000113391,ARB2A
ENSG00000113448,PDE4D
ENSG00000113494,PRLR
ENSG00000113504,SLC12A7
ENSG00000113555,PCDH12
ENSG00000113578,FGF1
ENSG00000113580,NR3C1
ENSG00000113594,LIFR
ENSG00000113621,TXNDC15
ENSG00000113645,WWC1
ENSG00000113721,PDGFRB
ENSG00000113739,STC2
ENSG00000113742,CPEB4
ENSG00000113749,HRH2
ENSG00000113805,CNTN3
ENSG00000113810,SMC4
ENSG00000113916,BCL6
ENSG00000113966,ARL6
ENSG00000114013,CD86
ENSG00000114054,PCCB
ENSG00000114062,UBE3A
ENSG00000114251,WNT5A
ENSG00000114270,COL7A1
ENSG00000114346,ECT2
ENSG00000114378,HYAL1
ENSG00000114439,BBX
ENSG00000114446,IFT57
ENSG00000114450,GNB4
ENSG00000114554,PLXNA1
ENSG00000114626,ABTB1
ENSG00000114631,PODXL2
ENSG00000114648,KLHL18
ENSG00000114738,MAPKAPK3
ENSG00000114742,WDR48
ENSG00000114854,TNNC1
ENSG00000114859,CLCN2
ENSG00000114861,FOXP1
ENSG00000115008,IL1A
ENSG00000115009,CCL20
ENSG00000115053,NCL
ENSG00000115091,ACTR3
ENSG00000115109,EPB41L5
ENSG00000115112,TFCP2L1
ENSG00000115138,POMC
ENSG00000115155,OTOF
ENSG00000115159,GPD2
ENSG00000115170,ACVR1
ENSG00000115204,MPV17
ENSG00000115211,EIF2B4
ENSG00000115226,FNDC4
ENSG00000115233,PSMD14
ENSG00000115252,PDE1A
ENSG00000115267,IFIH1
ENSG00000115268,RPS15
ENSG00000115286,NDUFS7
ENSG00000115290,GRB14
ENSG00000115295,CLIP4
ENSG00000115306,SPTBN1
ENSG00000115310,RTN4
ENSG00000115317,HTRA2
ENSG00000115368,WDR75
ENSG00000115380,EFEMP1
ENSG00000115392,FANCL
ENSG00000115414,FN1
ENSG00000115459,ELMOD3
ENSG00000115464,USP34
ENSG00000115468,EFHD1
ENSG00000115504,EHBP1
ENSG00000115507,OTX1
ENSG00000115524,SF3B1
ENSG00000115592,PRKAG3
ENSG00000115604,IL18R1
ENSG00000115607,IL18RAP
ENSG00000115677,HDLBP
ENSG00000115705,TPO
ENSG00000115760,BIRC6
ENSG00000115840,SLC25A12
ENSG00000115850,LCT
ENSG00000115884,SDC1
ENSG00000115896,PLCL1
ENSG00000115904,SOS1
ENSG00000115919,KYNU
ENSG00000115944,COX7A2L
ENSG00000115947,ORC4
ENSG00000115970,THADA
ENSG00000116016,EPAS1
ENSG00000116032,GRIN3B
ENSG00000116044,NFE2L2
ENSG00000116062,MSH6
ENSG00000116106,EPHA4
ENSG00000116120,FARSB
ENSG00000116127,ALMS1
ENSG00000116132,PRRX1
ENSG00000116183,PAPPA2
ENSG00000116288,PARK7
ENSG00000116329,OPRD1
ENSG00000116406,EDEM3
ENSG00000116478,HDAC1
ENSG00000116641,DOCK7
ENSG00000116678,LEPR
ENSG00000116679,IVNS1ABP
ENSG00000116704,SLC35D1
ENSG00000116711,PLA2G4A
ENSG00000116731,PRDM2
ENSG00000116771,AGMAT
ENSG00000116783,TNNI3K
ENSG00000116786,PLEKHM2
ENSG00000116815,CD58
ENSG00000116833,NR5A2
ENSG00000116991,SIPA1L2
ENSG00000117318,ID3
ENSG00000117335,CD46
ENSG00000117407,ARTN
ENSG00000117448,AKR1A1
ENSG00000117477,CCDC181
ENSG00000117479,SLC19A2
ENSG00000117480,FAAH
ENSG00000117500,TMED5
ENSG00000117505,DR1
ENSG00000117569,PTBP2
ENSG00000117586,TNFSF4
ENSG00000117592,PRDX6
ENSG00000117601,SERPINC1
ENSG00000117650,NEK2
ENSG00000117707,PROX1
ENSG00000117713,ARID1A
ENSG00000117724,CENPF
ENSG00000117748,RPA2
ENSG00000117868,ESYT2
ENSG00000117877,POLR1G
ENSG00000117984,CTSD
ENSG00000118004,COLEC11
ENSG00000118007,STAG1
ENSG00000118046,STK11
ENSG00000118137,APOA1
ENSG00000118193,KIF14
ENSG00000118194,TNNT2
ENSG00000118245,TNP1
ENSG00000118260,CREB1
ENSG00000118271,TTR
ENSG00000118298,CA14
ENSG00000118432,CNR1
ENSG00000118482,PHF3
ENSG00000118503,TNFAIP3
ENSG00000118513,MYB
ENSG00000118557,PMFBP1
ENSG00000118689,FOXO3
ENSG00000118690,ARMC2
ENSG00000118702,GHRH
ENSG00000118733,OLFM3
ENSG00000118777,ABCG2
ENSG00000118922,KLF12
ENSG00000118946,PCDH17
ENSG00000118971,CCND2
ENSG00000118972,FGF23
ENSG00000119004,CYP20A1
ENSG00000119013,NDUFB3
ENSG00000119139,TJP2
ENSG00000119242,CCDC92
ENSG00000119318,RAD23B
ENSG00000119408,NEK6
ENSG00000119421,NDUFA8
ENSG00000119457,SLC46A2
ENSG00000119487,MAPKAP1
ENSG00000119508,NR4A3
ENSG00000119514,GALNT12
ENSG00000119535,CSF3R
ENSG00000119599,DCAF4
ENSG00000119640,ACYP1
ENSG00000119650,IFT43
ENSG00000119681,LTBP2
ENSG00000119684,MLH3
ENSG00000119689,DLST
ENSG00000119699,TGFB3
ENSG00000119771,KLHL29
ENSG00000119772,DNMT3A
ENSG00000119866,BCL11A
ENSG00000119899,SLC17A5
ENSG00000119906,SLF2
ENSG00000119913,TECTB
ENSG00000119927,GPAM
ENSG00000119965,C10orf88
ENSG00000119973,PRLHR
ENSG00000120008,WDR11
ENSG00000120029,ARMH3
ENSG00000120054,CPN1
ENSG00000120063,GNA13
ENSG00000120071,KANSL1
ENSG00000120088,CRHR1
ENSG00000120094,HOXB1
ENSG00000120156,TEK
ENSG00000120217,CD274
ENSG00000120262,CCDC170
ENSG00000120278,PLEKHG1
ENSG00000120279,MYCT1
ENSG00000120306,CYSTM1
ENSG00000120341,SEC16B
ENSG00000120451,SNX19
ENSG00000120659,TNFSF11
ENSG00000120688,WBP4
ENSG00000120729,MYOT
ENSG00000120738,EGR1
ENSG00000120820,GLT8D2
ENSG00000120868,APAF1
ENSG00000120903,CHRNA2
ENSG00000120907,ADRA1A
ENSG00000120937,NPPB
ENSG00000120949,TNFRSF8
ENSG00000121068,TBX2
ENSG00000121101,TEX14
ENSG00000121207,LRAT
ENSG00000121210,TMEM131L
ENSG00000121281,ADCY7
ENSG00000121350,PYROXD1
ENSG00000121741,ZMYM2
ENSG00000121774,KHDRBS1
ENSG00000121807,CCR2
ENSG00000121858,TNFSF10
ENSG00000121879,PIK3CA
ENSG00000121898,CPXM2
ENSG00000121966,CXCR4
ENSG00000122008,POLK
ENSG00000122012,SV2C
ENSG00000122025,FLT3
ENSG00000122122,SASH3
ENSG00000122145,TBX22
ENSG00000122194,PLG
ENSG00000122378,PRXL2A
ENSG00000122482,ZNF644
ENSG00000122507,BBS9
ENSG00000122512,PMS2
ENSG00000122515,ZMIZ2
ENSG00000122585,NPY
ENSG00000122641,INHBA
ENSG00000122642,FKBP9
ENSG00000122691,TWIST1
ENSG00000122787,AKR1D1
ENSG00000122861,PLAU
ENSG00000122863,CHST3
ENSG00000122966,CIT
ENSG00000122971,ACADS
ENSG00000122986,HVCN1
ENSG00000123094,RASSF8
ENSG00000123095,BHLHE41
ENSG00000123096,SSPN
ENSG00000123104,ITPR2
ENSG00000123106,CCDC91
ENSG00000123268,ATF1
ENSG00000123329,ARHGAP9
ENSG00000123374,CDK2
ENSG00000123384,LRP1
ENSG00000123411,IKZF4
ENSG00000123416,TUBA1B
ENSG00000123473,STIL
ENSG00000123500,COL10A1
ENSG00000123545,NDUFAF4
ENSG00000123609,NMI
ENSG00000123636,BAZ2B
ENSG00000123700,KCNJ2
ENSG00000123815,COQ8B
ENSG00000123838,C4BPA
ENSG00000123892,RAB38
ENSG00000123901,GPR83
ENSG00000124067,SLC12A4
ENSG00000124126,PREX1
ENSG00000124134,KCNS1
ENSG00000124145,SDC4
ENSG00000124181,PLCG1
ENSG00000124191,TOX2
ENSG00000124198,ARFGEF2
ENSG00000124207,CSE1L
ENSG00000124228,DDX27
ENSG00000124251,TP53TG5
ENSG00000124253,PCK1
ENSG00000124275,MTRR
ENSG00000124299,PEPD
ENSG00000124422,USP22
ENSG00000124493,GRM4
ENSG00000124496,TRERF1
ENSG00000124587,PEX6
ENSG00000124608,AARS2
ENSG00000124664,SPDEF
ENSG00000124678,TCP11
ENSG00000124713,GNMT
ENSG00000124762,CDKN1A
ENSG00000124766,SOX4
ENSG00000124782,RREB1
ENSG00000124783,SSR1
ENSG00000124788,ATXN1
ENSG00000124882,EREG
ENSG00000124920,MYRF
ENSG00000125046,SSUH2
ENSG00000125084,WNT1
ENSG00000125107,CNOT1
ENSG00000125124,BBS2
ENSG00000125255,SLC10A2
ENSG00000125266,EFNB2
ENSG00000125356,NDUFA1
ENSG00000125363,AMELX
ENSG00000125378,BMP4
ENSG00000125388,GRK4
ENSG00000125398,SOX9
ENSG00000125430,HS3ST3B1
ENSG00000125508,SRMS
ENSG00000125510,OPRL1
ENSG00000125520,SLC2A4RG
ENSG00000125534,PPDPF
ENSG00000125618,PAX8
ENSG00000125637,PSD4
ENSG00000125675,GRIA3
ENSG00000125753,VASP
ENSG00000125772,GPCPD1
ENSG00000125779,PANK2
ENSG00000125780,TGM3
ENSG00000125798,FOXA2
ENSG00000125845,BMP2
ENSG00000125848,FLRT3
ENSG00000125850,OVOL2
ENSG00000125851,PCSK2
ENSG00000125864,BFSP1
ENSG00000125868,DSTN
ENSG00000125871,MGME1
ENSG00000125898,FAM110A
ENSG00000125944,HNRNPR
ENSG00000125952,MAX
ENSG00000125965,GDF5
ENSG00000125968,ID1
ENSG00000125991,ERGIC3
ENSG00000126215,XRCC3
ENSG00000126218,F10
ENSG00000126266,FFAR1
ENSG00000126456,IRF3
ENSG00000126602,TRAP1
ENSG00000126752,SSX1
ENSG00000126777,KTN1
ENSG00000126860,EVI2A
ENSG00000126895,AVPR2
ENSG00000127152,BCL11B
ENSG00000127329,PTPRB
ENSG00000127337,YEATS4
ENSG00000127415,IDUA
ENSG00000127418,FGFRL1
ENSG00000127419,TMEM175
ENSG00000127483,HP1BP3
ENSG00000127527,EPS15L1
ENSG00000127603,MACF1
ENSG00000127616,SMARCA4
ENSG00000127663,KDM4B
ENSG00000127824,TUBA4A
ENSG00000127914,AKAP9
ENSG00000127948,POR
ENSG00000127952,STYXL1
ENSG00000127955,GNAI1
ENSG00000127980,PEX1
ENSG00000128052,KDR
ENSG00000128228,SDF2L1
ENSG00000128266,GNAZ
ENSG00000128268,MGAT3
ENSG00000128271,ADORA2A
ENSG00000128274,A4GALT
ENSG00000128284,APOL3
ENSG00000128513,POT1
ENSG00000128567,PODXL
ENSG00000128573,FOXP2
ENSG00000128594,LRRC4
ENSG00000128602,SMO
ENSG00000128604,IRF5
ENSG00000128609,NDUFA5
ENSG00000128708,HAT1
ENSG00000128714,HOXD13
ENSG00000128731,HERC2
ENSG00000128833,MYO5C
ENSG00000128849,CGNL1
ENSG00000128881,TTBK2
ENSG00000128918,ALDH1A2
ENSG00000128973,CLN6
ENSG00000129038,LOXL1
ENSG00000129071,MBD4
ENSG00000129084,PSMA1
ENSG00000129152,MYOD1
ENSG00000129159,KCNC1
ENSG00000129214,SHBG
ENSG00000129226,CD68
ENSG00000129244,ATP1B2
ENSG00000129351,ILF3
ENSG00000129355,CDKN2D
ENSG00000129451,KLK10
ENSG00000129484,PARP2
ENSG00000129514,FOXA1
ENSG00000129595,EPB41L4A
ENSG00000129646,QRICH2
ENSG00000129667,RHBDF2
ENSG00000129757,CDKN1C
ENSG00000129810,SGO1
ENSG00000129932,DOHH
ENSG00000129933,MAU2
ENSG00000129951,PLPPR3
ENSG00000129993,CBFA2T3
ENSG00000130158,DOCK6
ENSG00000130164,LDLR
ENSG00000130173,ANGPTL8
ENSG00000130193,THEM6
ENSG00000130202,NECTIN2
ENSG00000130203,APOE
ENSG00000130204,TOMM40
ENSG00000130208,APOC1
ENSG00000130222,GADD45G
ENSG00000130226,DPP6
ENSG00000130255,RPL36
ENSG00000130283,GDF1
ENSG00000130294,KIF1A
ENSG00000130299,GTPBP3
ENSG00000130303,BST2
ENSG00000130305,NSUN5
ENSG00000130382,MLLT1
ENSG00000130414,NDUFA10
ENSG00000130427,EPO
ENSG00000130429,ARPC1B
ENSG00000130475,FCHO1
ENSG00000130513,GDF15
ENSG00000130522,JUND
ENSG00000130529,TRPM4
ENSG00000130592,LSP1
ENSG00000130595,TNNT3
ENSG00000130656,HBZ
ENSG00000130699,TAF4
ENSG00000130714,POMT1
ENSG00000130734,ATG4D
ENSG00000130749,ZC3H4
ENSG00000130779,CLIP1
ENSG00000130816,DNMT1
ENSG00000130826,DKC1
ENSG00000130876,SLC7A10
ENSG00000130921,MTRFR
ENSG00000130935,NOL11
ENSG00000130940,CASZ1
ENSG00000130956,HABP4
ENSG00000131018,SYNE1
ENSG00000131095,GFAP
ENSG00000131100,ATP6V1E1
ENSG00000131149,GSE1
ENSG00000131183,SLC34A1
ENSG00000131196,NFATC1
ENSG00000131323,TRAF3
ENSG00000131374,TBC1D5
ENSG00000131437,KIF3A
ENSG00000131470,PSMC3IP
ENSG00000131471,AOC3
ENSG00000131507,NDFIP1
ENSG00000131620,ANO1
ENSG00000131653,TRAF7
ENSG00000131668,BARX1
ENSG00000131697,NPHP4
ENSG00000131711,MAP1B
ENSG00000131747,TOP2A
ENSG00000131748,STARD3
ENSG00000131759,RARA
ENSG00000131781,FMO5
ENSG00000131808,FSHB
ENSG00000131899,LLGL1
ENSG00000131931,THAP1
ENSG00000131981,LGALS3
ENSG00000132031,MATN3
ENSG00000132153,DHX30
ENSG00000132164,SLC6A11
ENSG00000132170,PPARG
ENSG00000132199,ENOSF1
ENSG00000132329,RAMP1
ENSG00000132405,TBC1D14
ENSG00000132429,POPDC3
ENSG00000132437,DDC
ENSG00000132471,WBP2
ENSG00000132475,H3-3B
ENSG00000132485,ZRANB2
ENSG00000132510,KDM6B
ENSG00000132514,CLEC10A
ENSG00000132535,DLG4
ENSG00000132554,RGS22
ENSG00000132600,PRMT7
ENSG00000132604,TERF2
ENSG00000132613,MTSS2
ENSG00000132622,HSPA12B
ENSG00000132669,RIN2
ENSG00000132671,SSTR4
ENSG00000132676,DAP3
ENSG00000132693,CRP
ENSG00000132704,FCRL2
ENSG00000132718,SYT11
ENSG00000132740,IGHMBP2
ENSG00000132773,TOE1
ENSG00000132781,MUTYH
ENSG00000132825,PPP1R3D
ENSG00000132842,AP3B1
ENSG00000132846,ZBED3
ENSG00000132849,PATJ
ENSG00000132855,ANGPTL3
ENSG00000132874,SLC14A2
ENSG00000132906,CASP9
ENSG00000132911,NMUR2
ENSG00000132915,PDE6A
ENSG00000132938,MTUS2
ENSG00000132975,GPR12
ENSG00000133019,CHRM3
ENSG00000133027,PEMT
ENSG00000133048,CHI3L1
ENSG00000133065,SLC41A1
ENSG00000133083,DCLK1
ENSG00000133101,CCNA1
ENSG00000133105,RXFP2
ENSG00000133110,POSTN
ENSG00000133114,GPALPP1
ENSG00000133121,STARD13
ENSG00000133193,VCF1
ENSG00000133216,EPHB2
ENSG00000133256,PDE6B
ENSG00000133313,CNDP2
ENSG00000133392,MYH11
ENSG00000133422,MORC2
ENSG00000133433,GSTT2B
ENSG00000133561,GIMAP6
ENSG00000133574,GIMAP4
ENSG00000133703,KRAS
ENSG00000133794,BMAL1
ENSG00000133812,SBF2
ENSG00000133818,RRAS2
ENSG00000133895,MEN1
ENSG00000133983,COX16
ENSG00000134042,MRO
ENSG00000134058,CDK7
ENSG00000134086,VHL
ENSG00000134107,BHLHE40
ENSG00000134109,EDEM1
ENSG00000134160,TRPM1
ENSG00000134184,GSTM1
ENSG00000134222,PSRC1
ENSG00000134242,PTPN22
ENSG00000134243,SORT1
ENSG00000134250,NOTCH2
ENSG00000134256,CD101
ENSG00000134259,NGF
ENSG00000134278,SPIRE1
ENSG00000134294,SLC38A2
ENSG00000134363,FST
ENSG00000134389,CFHR5
ENSG00000134440,NARS1
ENSG00000134480,CCNH
ENSG00000134508,CABLES1
ENSG00000134532,SOX5
ENSG00000134538,SLCO1B1
ENSG00000134571,MYBPC3
ENSG00000134574,DDB2
ENSG00000134575,ACP2
ENSG00000134595,SOX3
ENSG00000134640,MTNR1B
ENSG00000134686,PHC2
ENSG00000134775,FHOD3
ENSG00000134780,DAGLA
ENSG00000134815,DHX34
ENSG00000134824,FADS2
ENSG00000134825,TMEM258
ENSG00000134864,GGACT
ENSG00000134871,COL4A2
ENSG00000134882,UBAC2
ENSG00000134899,ERCC5
ENSG00000134954,ETS1
ENSG00000134982,APC
ENSG00000134996,OSTF1
ENSG00000135002,RFK
ENSG00000135048,CEMIP2
ENSG00000135069,PSAT1
ENSG00000135074,ADAM19
ENSG00000135090,TAOK3
ENSG00000135094,SDS
ENSG00000135100,HNF1A
ENSG00000135111,TBX3
ENSG00000135144,DTX1
ENSG00000135205,CCDC146
ENSG00000135241,PNPLA8
ENSG00000135253,KCP
ENSG00000135298,ADGRB3
ENSG00000135312,HTR1B
ENSG00000135315,CEP162
ENSG00000135318,NT5E
ENSG00000135333,EPHA7
ENSG00000135362,PRR5L
ENSG00000135365,PHF21A
ENSG00000135372,NAT10
ENSG00000135406,PRPH
ENSG00000135423,GLS2
ENSG00000135446,CDK4
ENSG00000135469,COQ10A
ENSG00000135472,FAIM2
ENSG00000135517,MIP
ENSG00000135519,KCNH3
ENSG00000135535,CD164
ENSG00000135587,SMPD2
ENSG00000135636,DYSF
ENSG00000135655,USP15
ENSG00000135679,MDM2
ENSG00000135744,AGT
ENSG00000135776,ABCB10
ENSG00000135821,GLUL
ENSG00000135835,KIAA1614
ENSG00000135845,PIGC
ENSG00000135898,GPR55
ENSG00000135917,SLC19A3
ENSG00000135968,GCC2
ENSG00000135974,C2orf49
ENSG00000136011,STAB2
ENSG00000136040,PLXNC1
ENSG00000136059,VILL
ENSG00000136104,RNASEH2B
ENSG00000136153,LMO7
ENSG00000136158,SPRY2
ENSG00000136238,RAC1
ENSG00000136244,IL6
ENSG00000136280,CCM2
ENSG00000136286,MYO1G
ENSG00000136371,MTHFS
ENSG00000136379,ABHD17C
ENSG00000136381,IREB2
ENSG00000136492,BRIP1
ENSG00000136514,RTP4
ENSG00000136521,NDUFB5
ENSG00000136531,SCN2A
ENSG00000136535,TBR1
ENSG00000136536,MARCHF7
ENSG00000136546,SCN7A
ENSG00000136560,TANK
ENSG00000136574,GATA4
ENSG00000136630,HLX
ENSG00000136688,IL36G
ENSG00000136689,IL1RN
ENSG00000136695,IL36RN
ENSG00000136697,IL1F10
ENSG00000136770,DNAJC1
ENSG00000136826,KLF4
ENSG00000136859,ANGPTL2
ENSG00000136868,SLC31A1
ENSG00000136869,TLR4
ENSG00000136872,ALDOB
ENSG00000136908,DPM2
ENSG00000136931,NR5A1
ENSG00000136997,MYC
ENSG00000137033,IL33
ENSG00000137038,DMAC1
ENSG00000137106,GRHPR
ENSG00000137161,CNPY3
ENSG00000137166,FOXP4
ENSG00000137193,PIM1
ENSG00000137198,GMPR
ENSG00000137218,FRS3
ENSG00000137221,TJAP1
ENSG00000137267,TUBB2A
ENSG00000137273,FOXF2
ENSG00000137285,TUBB2B
ENSG00000137309,HMGA1
ENSG00000137473,TTC29
ENSG00000137474,MYO7A
ENSG00000137507,LRRC32
ENSG00000137573,SULF1
ENSG00000137642,SORL1
ENSG00000137656,BUD13
ENSG00000137693,YAP1
ENSG00000137709,POU2F3
ENSG00000137713,PPP2R1B
ENSG00000137745,MMP13
ENSG00000137764,MAP2K5
ENSG00000137801,THBS1
ENSG00000137807,KIF23
ENSG00000137817,PARP6
ENSG00000137834,SMAD6
ENSG00000137869,CYP19A1
ENSG00000137871,ZNF280D
ENSG00000137872,SEMA6D
ENSG00000137960,GIPC2
ENSG00000137975,CLCA2
ENSG00000137976,DNASE2B
ENSG00000138002,IFT172
ENSG00000138028,CGREF1
ENSG00000138031,ADCY3
ENSG00000138036,DYNC2LI1
ENSG00000138039,LHCGR
ENSG00000138075,ABCG5
ENSG00000138078,PREPL
ENSG00000138081,FBXO11
ENSG00000138083,SIX3
ENSG00000138101,DTNB
ENSG00000138109,CYP2C9
ENSG00000138160,KIF11
ENSG00000138175,ARL3
ENSG00000138180,CEP55
ENSG00000138193,PLCE1
ENSG00000138207,RBP4
ENSG00000138246,DNAJC13
ENSG00000138316,ADAMTS14
ENSG00000138336,TET1
ENSG00000138376,BARD1
ENSG00000138378,STAT4
ENSG00000138380,CARF
ENSG00000138413,IDH1
ENSG00000138433,CIR1
ENSG00000138439,FAM117B
ENSG00000138448,ITGAV
ENSG00000138483,CCDC54
ENSG00000138622,HCN4
ENSG00000138640,FAM13A
ENSG00000138669,PRKG2
ENSG00000138674,SEC31A
ENSG00000138675,FGF5
ENSG00000138684,IL21
ENSG00000138685,FGF2
ENSG00000138696,BMPR1B
ENSG00000138735,PDE5A
ENSG00000138738,PRDM5
ENSG00000138759,FRAS1
ENSG00000138771,SHROOM3
ENSG00000138772,ANXA3
ENSG00000138778,CENPE
ENSG00000138785,INTS12
ENSG00000138795,LEF1
ENSG00000138798,EGF
ENSG00000138802,SEC24B
ENSG00000138814,PPP3CA
ENSG00000138821,SLC39A8
ENSG00000138823,MTTP
ENSG00000138829,FBN2
ENSG00000138834,MAPK8IP3
ENSG00000138835,RGS3
ENSG00000139044,B4GALNT3
ENSG00000139083,ETV6
ENSG00000139173,TMEM117
ENSG00000139187,KLRG1
ENSG00000139209,SLC38A4
ENSG00000139218,SCAF11
ENSG00000139219,COL2A1
ENSG00000139220,PPFIA2
ENSG00000139233,LLPH
ENSG00000139269,INHBE
ENSG00000139323,POC1B
ENSG00000139324,TMTC3
ENSG00000139329,LUM
ENSG00000139352,ASCL1
ENSG00000139428,MMAB
ENSG00000139436,GIT2
ENSG00000139514,SLC7A1
ENSG00000139517,LNX2
ENSG00000139531,SUOX
ENSG00000139567,ACVRL1
ENSG00000139597,N4BP2L1
ENSG00000139618,BRCA2
ENSG00000139624,CERS5
ENSG00000139687,RB1
ENSG00000139697,SBNO1
ENSG00000139718,SETD1B
ENSG00000139725,RHOF
ENSG00000139800,ZIC5
ENSG00000139842,CUL4A
ENSG00000139874,SSTR1
ENSG00000139988,RDH12
ENSG00000140009,ESR2
ENSG00000140093,SERPINA10
ENSG00000140262,TCF12
ENSG00000140307,GTF2A2
ENSG00000140319,SRP14
ENSG00000140332,TLE3
ENSG00000140367,UBE2Q2
ENSG00000140368,PSTPIP1
ENSG00000140374,ETFA
ENSG00000140382,HMG20A
ENSG00000140386,SCAPER
ENSG00000140396,NCOA2
ENSG00000140398,NEIL1
ENSG00000140400,MAN2C1
ENSG00000140416,TPM1
ENSG00000140443,IGF1R
ENSG00000140455,USP3
ENSG00000140459,CYP11A1
ENSG00000140464,PML
ENSG00000140465,CYP1A1
ENSG00000140479,PCSK6
ENSG00000140481,CCDC33
ENSG00000140506,LMAN1L
ENSG00000140521,POLG
ENSG00000140538,NTRK3
ENSG00000140575,IQGAP1
ENSG00000140650,PMM2
ENSG00000140675,SLC5A2
ENSG00000140718,FTO
ENSG00000140829,DHX38
ENSG00000140832,MARVELD3
ENSG00000140836,ZFHX3
ENSG00000140853,NLRC5
ENSG00000140961,OSGIN1
ENSG00000140968,IRF8
ENSG00000141013,GAS8
ENSG00000141027,NCOR1
ENSG00000141052,MYOCD
ENSG00000141068,KSR1
ENSG00000141198,TOM1L1
ENSG00000141279,NPEPPS
ENSG00000141293,SKAP1
ENSG00000141337,ARSG
ENSG00000141338,ABCA8
ENSG00000141376,BCAS3
ENSG00000141378,PTRH2
ENSG00000141385,AFG3L2
ENSG00000141448,GATA6
ENSG00000141449,GREB1L
ENSG00000141452,RMC1
ENSG00000141458,NPC1
ENSG00000141503,MINK1
ENSG00000141505,ASGR1
ENSG00000141510,TP53
ENSG00000141524,TMC6
ENSG00000141526,SLC16A3
ENSG00000141568,FOXK2
ENSG00000141579,ZNF750
ENSG00000141580,WDR45B
ENSG00000141646,SMAD4
ENSG00000141736,ERBB2
ENSG00000141744,PNMT
ENSG00000141837,CACNA1A
ENSG00000141867,BRD4
ENSG00000141905,NFIC
ENSG00000141968,VAV1
ENSG00000142156,COL6A1
ENSG00000142168,SOD1
ENSG00000142208,AKT1
ENSG00000142224,IL19
ENSG00000142303,ADAMTS10
ENSG00000142408,CACNG8
ENSG00000142409,ZNF787
ENSG00000142459,EVI5L
ENSG00000142484,TM4SF5
ENSG00000142507,PSMB6
ENSG00000142599,RERE
ENSG00000142606,MMEL1
ENSG00000142611,PRDM16
ENSG00000142615,CELA2A
ENSG00000142619,PADI3
ENSG00000142627,EPHA2
ENSG00000142655,PEX14
ENSG00000142700,DMRTA2
ENSG00000142748,FCN3
ENSG00000142765,SYTL1
ENSG00000142798,HSPG2
ENSG00000142867,BCL10
ENSG00000143013,LMO4
ENSG00000143032,BARHL2
ENSG00000143126,CELSR2
ENSG00000143153,ATP1B1
ENSG00000143196,DPT
ENSG00000143207,COP1
ENSG00000143226,FCGR2A
ENSG00000143228,NUF2
ENSG00000143248,RGS5
ENSG00000143324,XPR1
ENSG00000143373,ZNF687
ENSG00000143387,CTSK
ENSG00000143412,ANXA9
ENSG00000143418,CERS2
ENSG00000143499,SMYD2
ENSG00000143502,SUSD4
ENSG00000143507,DUSP10
ENSG00000143515,ATP8B2
ENSG00000143536,CRNN
ENSG00000143537,ADAM15
ENSG00000143546,S100A8
ENSG00000143575,HAX1
ENSG00000143578,CREB3L4
ENSG00000143614,GATAD2B
ENSG00000143631,FLG
ENSG00000143632,ACTA1
ENSG00000143641,GALNT2
ENSG00000143669,LYST
ENSG00000143702,CEP170
ENSG00000143771,CNIH4
ENSG00000143799,PARP1
ENSG00000143815,LBR
ENSG00000143842,SOX13
ENSG00000143921,ABCG8
ENSG00000143924,EML4
ENSG00000143933,CALM2
ENSG00000143951,WDPCP
ENSG00000143970,ASXL2
ENSG00000143995,MEIS1
ENSG00000144035,NAT8
ENSG00000144061,NPHP1
ENSG00000144115,THNSL2
ENSG00000144218,AFF3
ENSG00000144354,CDCA7
ENSG00000144381,HSPD1
ENSG00000144426,NBEAL1
ENSG00000144455,SUMF1
ENSG00000144468,RHBDD1
ENSG00000144476,ACKR3
ENSG00000144535,DIS3L2
ENSG00000144554,FANCD2
ENSG00000144619,CNTN4
ENSG00000144642,RBMS3
ENSG00000144644,GADL1
ENSG00000144648,ACKR2
ENSG00000144674,GOLGA4
ENSG00000144749,LRIG1
ENSG00000144791,LIMD1
ENSG00000144891,AGTR1
ENSG00000144908,ALDH1L1
ENSG00000145012,LPP
ENSG00000145103,ILDR1
ENSG00000145113,MUC4
ENSG00000145192,AHSG
ENSG00000145214,DGKQ
ENSG00000145216,FIP1L1
ENSG00000145241,CENPC
ENSG00000145247,OCIAD2
ENSG00000145321,GC
ENSG00000145335,SNCA
ENSG00000145354,CISD2
ENSG00000145358,DDIT4L
ENSG00000145362,ANK2
ENSG00000145390,USP53
ENSG00000145431,PDGFC
ENSG00000145494,NDUFS6
ENSG00000145555,MYO10
ENSG00000145592,RPL37
ENSG00000145626,UGT3A1
ENSG00000145632,PLK2
ENSG00000145675,PIK3R1
ENSG00000145685,LHFPL2
ENSG00000145687,SSBP2
ENSG00000145692,BHMT
ENSG00000145700,ANKRD31
ENSG00000145715,RASA1
ENSG00000145725,PPIP5K2
ENSG00000145740,SLC30A5
ENSG00000145777,TSLP
ENSG00000145779,TNFAIP8
ENSG00000145817,YIPF5
ENSG00000145819,ARHGAP26
ENSG00000145850,TIMD4
ENSG00000145864,GABRB2
ENSG00000145868,FBXO38
ENSG00000145879,SPINK7
ENSG00000145901,TNIP1
ENSG00000145990,GFOD1
ENSG00000145996,CDKAL1
ENSG00000146085,MMUT
ENSG00000146090,RASGEF1C
ENSG00000146122,DAAM2
ENSG00000146143,PRIM2
ENSG00000146151,HMGCLL1
ENSG00000146197,SCUBE3
ENSG00000146221,TCTE1
ENSG00000146243,IRAK1BP1
ENSG00000146247,PHIP
ENSG00000146285,SCML4
ENSG00000146374,RSPO3
ENSG00000146376,ARHGAP18
ENSG00000146425,DYNLT1
ENSG00000146477,SLC22A3
ENSG00000146535,GNA12
ENSG00000146592,CREB5
ENSG00000146618,FERD3L
ENSG00000146648,EGFR
ENSG00000146674,IGFBP3
ENSG00000146700,SSC4D
ENSG00000146830,GIGYF1
ENSG00000146872,TLK2
ENSG00000146950,SHROOM2
ENSG00000146955,RAB19
ENSG00000147050,KDM6A
ENSG00000147065,MSN
ENSG00000147123,NDUFB11
ENSG00000147133,TAF1
ENSG00000147155,EBP
ENSG00000147168,IL2RG
ENSG00000147256,ARHGAP36
ENSG00000147257,GPC3
ENSG00000147316,MCPH1
ENSG00000147416,ATP6V1B2
ENSG00000147437,GNRH1
ENSG00000147488,ST18
ENSG00000147548,NSD3
ENSG00000147571,CRH
ENSG00000147586,MRPS28
ENSG00000147650,LRP12
ENSG00000147655,RSPO2
ENSG00000147689,FAM83A
ENSG00000147852,VLDLR
ENSG00000147853,AK3
ENSG00000147862,NFIB
ENSG00000147883,CDKN2B
ENSG00000147889,CDKN2A
ENSG00000147894,C9orf72
ENSG00000147955,SIGMAR1
ENSG00000148019,CEP78
ENSG00000148120,AOPEP
ENSG00000148143,ZNF462
ENSG00000148175,STOM
ENSG00000148219,ASTN2
ENSG00000148229,POLE3
ENSG00000148335,NTMT1
ENSG00000148357,HMCN2
ENSG00000148396,SEC16A
ENSG00000148400,NOTCH1
ENSG00000148408,CACNA1B
ENSG00000148482,SLC39A12
ENSG00000148498,PARD3
ENSG00000148516,ZEB1
ENSG00000148584,A1CF
ENSG00000148655,LRMDA
ENSG00000148688,RPP30
ENSG00000148702,HABP2
ENSG00000148737,TCF7L2
ENSG00000148795,CYP17A1
ENSG00000148798,INA
ENSG00000148840,PPRC1
ENSG00000148842,CNNM2
ENSG00000148926,ADM
ENSG00000148948,LRRC4C
ENSG00000149021,SCGB1A1
ENSG00000149091,DGKZ
ENSG00000149100,EIF3M
ENSG00000149131,SERPING1
ENSG00000149177,PTPRJ
ENSG00000149179,CSTPP1
ENSG00000149273,RPS3
ENSG00000149289,ZC3H12C
ENSG00000149294,NCAM1
ENSG00000149295,DRD2
ENSG00000149308,NPAT
ENSG00000149311,ATM
ENSG00000149451,ADAM33
ENSG00000149480,MTA2
ENSG00000149485,FADS1
ENSG00000149489,ROM1
ENSG00000149571,KIRREL3
ENSG00000149575,SCN2B
ENSG00000149577,SIDT2
ENSG00000149591,TAGLN
ENSG00000149596,JPH2
ENSG00000149600,COMMD7
ENSG00000149633,KIAA1755
ENSG00000149646,CNBD2
ENSG00000149716,LTO1
ENSG00000149922,TBX6
ENSG00000149927,DOC2A
ENSG00000149948,HMGA2
ENSG00000150054,MPP7
ENSG00000150244,TRIM48
ENSG00000150275,PCDH15
ENSG00000150347,ARID5B
ENSG00000150403,TMCO3
ENSG00000150457,LATS2
ENSG00000150594,ADRA2A
ENSG00000150627,WDR17
ENSG00000150630,VEGFC
ENSG00000150637,CD226
ENSG00000150782,IL18
ENSG00000150907,FOXO1
ENSG00000150938,CRIM1
ENSG00000150995,ITPR1
ENSG00000151006,PRSS53
ENSG00000151062,CACNA2D4
ENSG00000151067,CACNA1C
ENSG00000151090,THRB
ENSG00000151136,ABTB3
ENSG00000151148,UBE3B
ENSG00000151208,DLG5
ENSG00000151276,MAGI1
ENSG00000151322,NPAS3
ENSG00000151332,MBIP
ENSG00000151348,EXT2
ENSG00000151353,TMEM18
ENSG00000151366,NDUFC2
ENSG00000151461,UPF2
ENSG00000151465,CDC123
ENSG00000151474,FRMD4A
ENSG00000151498,ACAD8
ENSG00000151532,VTI1A
ENSG00000151623,NR3C2
ENSG00000151655,ITIH2
ENSG00000151657,KIN
ENSG00000151693,ASAP2
ENSG00000151702,FLI1
ENSG00000151726,ACSL1
ENSG00000151748,SAV1
ENSG00000151789,ZNF385D
ENSG00000151834,GABRA2
ENSG00000151893,CACUL1
ENSG00000152056,AP1S3
ENSG00000152061,RABGAP1L
ENSG00000152086,TUBA3E
ENSG00000152092,ASTN1
ENSG00000152127,MGAT5
ENSG00000152193,OBI1
ENSG00000152207,CYSLTR2
ENSG00000152213,ARL11
ENSG00000152217,SETBP1
ENSG00000152219,ARL14EP
ENSG00000152234,ATP5F1A
ENSG00000152254,G6PC2
ENSG00000152266,PTH
ENSG00000152270,PDE3B
ENSG00000152359,POC5
ENSG00000152402,GUCY1A2
ENSG00000152409,JMY
ENSG00000152484,USP12
ENSG00000152495,CAMK4
ENSG00000152518,ZFP36L2
ENSG00000152556,PFKM
ENSG00000152592,DMP1
ENSG00000152601,MBNL1
ENSG00000152661,GJA1
ENSG00000152684,PELO
ENSG00000152689,RASGRP3
ENSG00000152749,GPR180
ENSG00000152779,SLC16A12
ENSG00000152818,UTRN
ENSG00000152822,GRM1
ENSG00000152952,PLOD2
ENSG00000152977,ZIC1
ENSG00000153006,SREK1IP1
ENSG00000153029,MR1
ENSG00000153066,TXNDC11
ENSG00000153071,DAB2
ENSG00000153086,ACMSD
ENSG00000153093,ACOXL
ENSG00000153094,BCL2L11
ENSG00000153147,SMARCA5
ENSG00000153162,BMP6
ENSG00000153165,RGPD3
ENSG00000153201,RANBP2
ENSG00000153208,MERTK
ENSG00000153250,RBMS1
ENSG00000153253,SCN3A
ENSG00000153563,CD8A
ENSG00000153707,PTPRD
ENSG00000153774,CFDP1
ENSG00000153814,JAZF1
ENSG00000153815,CMIP
ENSG00000153820,SPHKAP
ENSG00000153822,KCNJ16
ENSG00000153922,CHD1
ENSG00000153930,ANKFN1
ENSG00000153933,DGKE
ENSG00000154027,AK5
ENSG00000154118,JPH3
ENSG00000154122,ANKH
ENSG00000154127,UBASH3B
ENSG00000154162,CDH12
ENSG00000154217,PITPNC1
ENSG00000154229,PRKCA
ENSG00000154240,CEP112
ENSG00000154258,ABCA9
ENSG00000154262,ABCA6
ENSG00000154263,ABCA10
ENSG00000154309,DISP1
ENSG00000154310,TNIK
ENSG00000154319,FAM167A
ENSG00000154342,WNT3A
ENSG00000154438,ASZ1
ENSG00000154582,ELOC
ENSG00000154719,MRPL39
ENSG00000154723,ATP5PF
ENSG00000154727,GABPA
ENSG00000154743,TSEN2
ENSG00000155034,FBXL18
ENSG00000155085,AK9
ENSG00000155096,AZIN1
ENSG00000155158,TTC39B
ENSG00000155313,USP25
ENSG00000155367,PPM1J
ENSG00000155393,HEATR3
ENSG00000155506,LARP1
ENSG00000155511,GRIA1
ENSG00000155542,SETD9
ENSG00000155561,NUP205
ENSG00000155657,TTN
ENSG00000155749,FLACC1
ENSG00000155761,SPAG17
ENSG00000155846,PPARGC1B
ENSG00000155849,ELMO1
ENSG00000155903,RASA2
ENSG00000155970,MICU3
ENSG00000156006,NAT2
ENSG00000156030,MIDEAS
ENSG00000156052,GNAQ
ENSG00000156076,WIF1
ENSG00000156103,MMP16
ENSG00000156110,ADK
ENSG00000156150,ALX3
ENSG00000156170,NDUFAF6
ENSG00000156206,CFAP161
ENSG00000156218,ADAMTSL3
ENSG00000156265,MAP3K7CL
ENSG00000156299,TIAM1
ENSG00000156381,ANKRD9
ENSG00000156398,SFXN2
ENSG00000156427,FGF18
ENSG00000156531,PHF6
ENSG00000156574,NODAL
ENSG00000156671,SAMD8
ENSG00000156711,MAPK13
ENSG00000156966,B3GNT7
ENSG00000156976,EIF4A2
ENSG00000157045,NTAN1
ENSG00000157077,ZFYVE9
ENSG00000157107,FCHO2
ENSG00000157131,C8A
ENSG00000157150,TIMP4
ENSG00000157152,SYN2
ENSG00000157168,NRG1
ENSG00000157216,SSBP3
ENSG00000157219,HTR5A
ENSG00000157227,MMP14
ENSG00000157315,TMED6
ENSG00000157322,CLEC18A
ENSG00000157353,FCSK
ENSG00000157388,CACNA1D
ENSG00000157404,KIT
ENSG00000157423,HYDIN
ENSG00000157445,CACNA2D3
ENSG00000157450,RNF111
ENSG00000157470,FAM81A
ENSG00000157483,MYO1E
ENSG00000157540,DYRK1A
ENSG00000157554,ERG
ENSG00000157557,ETS2
ENSG00000157654,PALM2AKAP2
ENSG00000157764,BRAF
ENSG00000157766,ACAN
ENSG00000157823,AP3S2
ENSG00000157827,FMNL2
ENSG00000157851,DPYSL5
ENSG00000157870,PRXL2B
ENSG00000157873,TNFRSF14
ENSG00000157895,C12orf43
ENSG00000158019,BABAM2
ENSG00000158022,TRIM63
ENSG00000158023,CFAP251
ENSG00000158050,DUSP2
ENSG00000158092,NCK1
ENSG00000158169,FANCC
ENSG00000158186,MRAS
ENSG00000158234,FAIM
ENSG00000158270,COLEC12
ENSG00000158481,CD1C
ENSG00000158517,NCF1
ENSG00000158717,RNF166
ENSG00000158747,NBL1
ENSG00000158748,HTR6
ENSG00000158773,USF1
ENSG00000158805,ZNF276
ENSG00000158813,EDA
ENSG00000158828,PINK1
ENSG00000158864,NDUFS2
ENSG00000158874,APOA2
ENSG00000158882,TOMM40L
ENSG00000158941,CCAR2
ENSG00000158985,CDC42SE2
ENSG00000159063,ALG8
ENSG00000159110,IFNAR2
ENSG00000159111,MRPL10
ENSG00000159164,SV2A
ENSG00000159167,STC1
ENSG00000159197,KCNE2
ENSG00000159199,ATP5MC1
ENSG00000159200,RCAN1
ENSG00000159202,UBE2Z
ENSG00000159216,RUNX1
ENSG00000159261,CLDN14
ENSG00000159263,SIM2
ENSG00000159322,ADPGK
ENSG00000159363,ATP13A2
ENSG00000159387,IRX6
ENSG00000159445,THEM4
ENSG00000159459,UBR1
ENSG00000159461,AMFR
ENSG00000159640,ACE
ENSG00000159650,UROC1
ENSG00000159723,AGRP
ENSG00000159788,RGS12
ENSG00000159899,NPR2
ENSG00000160007,ARHGAP35
ENSG00000160194,NDUFV3
ENSG00000160211,G6PD
ENSG00000160213,CSTB
ENSG00000160285,LSS
ENSG00000160325,CACFD1
ENSG00000160447,PKN3
ENSG00000160472,TMEM190
ENSG00000160551,TAOK1
ENSG00000160563,MED27
ENSG00000160584,SIK3
ENSG00000160654,CD3G
ENSG00000160685,ZBTB7B
ENSG00000160688,FLAD1
ENSG00000160712,IL6R
ENSG00000160716,CHRNB2
ENSG00000160746,ANO10
ENSG00000160789,LMNA
ENSG00000160799,CCDC12
ENSG00000160856,FCRL3
ENSG00000160867,FGFR4
ENSG00000160870,CYP3A7
ENSG00000160882,CYP11B1
ENSG00000160917,CPSF4
ENSG00000160951,PTGER1
ENSG00000160957,RECQL4
ENSG00000161217,PCYT1A
ENSG00000161405,IKZF3
ENSG00000161509,GRIN2C
ENSG00000161533,ACOX1
ENSG00000161544,CYGB
ENSG00000161649,CD300LG
ENSG00000161653,NAGS
ENSG00000161888,SPC24
ENSG00000161896,IP6K3
ENSG00000161905,ALOX15
ENSG00000161955,TNFSF13
ENSG00000162009,SSTR5
ENSG00000162065,TBC1D24
ENSG00000162104,ADCY9
ENSG00000162105,SHANK2
ENSG00000162129,CLPB
ENSG00000162337,LRP5
ENSG00000162341,TPCN2
ENSG00000162344,FGF19
ENSG00000162368,CMPK1
ENSG00000162384,CZIB
ENSG00000162399,BSND
ENSG00000162402,USP24
ENSG00000162409,PRKAA2
ENSG00000162434,JAK1
ENSG00000162493,PDPN
ENSG00000162511,LAPTM5
ENSG00000162551,ALPL
ENSG00000162552,WNT4
ENSG00000162595,DIRAS3
ENSG00000162599,NFIA
ENSG00000162604,TM2D1
ENSG00000162607,USP1
ENSG00000162613,FUBP1
ENSG00000162624,LHX8
ENSG00000162641,AKNAD1
ENSG00000162669,HFM1
ENSG00000162676,GFI1
ENSG00000162687,KCNT2
ENSG00000162711,NLRP3
ENSG00000162733,DDR2
ENSG00000162738,VANGL2
ENSG00000162747,FCGR3B
ENSG00000162761,LMX1A
ENSG00000162763,LRRC52
ENSG00000162777,DENND2D
ENSG00000162783,IER5
ENSG00000162877,PM20D1
ENSG00000162881,OXER1
ENSG00000162924,REL
ENSG00000162927,PUS10
ENSG00000162961,DPY30
ENSG00000163050,COQ8A
ENSG00000163069,SGCB
ENSG00000163071,SPATA18
ENSG00000163072,NOSTRIN
ENSG00000163083,INHBB
ENSG00000163106,HPGDS
ENSG00000163131,CTSS
ENSG00000163154,TNFAIP8L2
ENSG00000163161,ERCC3
ENSG00000163254,CRYGC
ENSG00000163285,GABRG1
ENSG00000163288,GABRB1
ENSG00000163291,PAQR3
ENSG00000163362,INAVA
ENSG00000163421,PROK2
ENSG00000163453,IGFBP7
ENSG00000163464,CXCR1
ENSG00000163482,STK36
ENSG00000163491,NEK10
ENSG00000163508,EOMES
ENSG00000163513,TGFBR2
ENSG00000163517,HDAC11
ENSG00000163518,FCRL4
ENSG00000163564,PYHIN1
ENSG00000163565,IFI16
ENSG00000163577,EIF5A2
ENSG00000163581,SLC2A2
ENSG00000163586,FABP1
ENSG00000163596,ICA1L
ENSG00000163599,CTLA4
ENSG00000163600,ICOS
ENSG00000163629,PTPN13
ENSG00000163630,SYNPR
ENSG00000163631,ALB
ENSG00000163633,C4orf36
ENSG00000163636,PSMD6
ENSG00000163637,PRICKLE2
ENSG00000163638,ADAMTS9
ENSG00000163644,PPM1K
ENSG00000163660,CCNL1
ENSG00000163683,SMIM14
ENSG00000163697,APBB2
ENSG00000163739,CXCL1
ENSG00000163743,RCHY1
ENSG00000163815,CLEC3B
ENSG00000163818,LZTFL1
ENSG00000163823,CCR1
ENSG00000163848,ZNF148
ENSG00000163873,GRIK3
ENSG00000163884,KLF15
ENSG00000163902,RPN1
ENSG00000163913,IFT122
ENSG00000163930,BAP1
ENSG00000163933,RFT1
ENSG00000163935,SFMBT1
ENSG00000163939,PBRM1
ENSG00000163958,ZDHHC19
ENSG00000164011,ZNF691
ENSG00000164022,AIMP1
ENSG00000164045,CDC25A
ENSG00000164056,SPRY1
ENSG00000164068,RNF123
ENSG00000164070,HSPA4L
ENSG00000164076,CAMKV
ENSG00000164078,MST1R
ENSG00000164111,ANXA5
ENSG00000164142,FHIP1A
ENSG00000164161,HHIP
ENSG00000164163,ABCE1
ENSG00000164164,OTUD4
ENSG00000164171,ITGA2
ENSG00000164172,MOCS2
ENSG00000164180,TMEM161B
ENSG00000164182,NDUFAF2
ENSG00000164258,NDUFS4
ENSG00000164270,HTR4
ENSG00000164307,ERAP1
ENSG00000164308,ERAP2
ENSG00000164327,RICTOR
ENSG00000164330,EBF1
ENSG00000164331,ANKRA2
ENSG00000164338,UTP15
ENSG00000164362,TERT
ENSG00000164442,CITED2
ENSG00000164500,SPMIP7
ENSG00000164509,IL31RA
ENSG00000164512,ANKRD55
ENSG00000164535,DAGLB
ENSG00000164574,GALNT10
ENSG00000164588,HCN1
ENSG00000164597,COG5
ENSG00000164609,SLU7
ENSG00000164610,RP9
ENSG00000164615,CAMLG
ENSG00000164649,CDCA7L
ENSG00000164663,USP49
ENSG00000164674,SYTL3
ENSG00000164683,HEY1
ENSG00000164713,BRI3
ENSG00000164736,SOX17
ENSG00000164741,DLC1
ENSG00000164742,ADCY1
ENSG00000164751,PEX2
ENSG00000164754,RAD21
ENSG00000164794,KCNV1
ENSG00000164796,CSMD3
ENSG00000164808,SPIDR
ENSG00000164849,GPR146
ENSG00000164853,UNCX
ENSG00000164919,COX6C
ENSG00000164938,TP53INP1
ENSG00000164944,VIRMA
ENSG00000164946,FREM1
ENSG00000164985,PSIP1
ENSG00000165006,UBAP1
ENSG00000165025,SYK
ENSG00000165029,ABCA1
ENSG00000165059,PRKACG
ENSG00000165066,NKX6-3
ENSG00000165115,KIF27
ENSG00000165118,QNG1
ENSG00000165119,HNRNPK
ENSG00000165138,ANKS6
ENSG00000165181,SHOC1
ENSG00000165186,PTCHD1
ENSG00000165195,PIGA
ENSG00000165219,GAPVD1
ENSG00000165238,WNK2
ENSG00000165240,ATP7A
ENSG00000165370,GPR101
ENSG00000165392,WRN
ENSG00000165406,MARCHF8
ENSG00000165424,ZCCHC24
ENSG00000165449,SLC16A9
ENSG00000165471,MBL2
ENSG00000165476,REEP3
ENSG00000165496,RPL10L
ENSG00000165556,CDX2
ENSG00000165609,NUDT5
ENSG00000165626,BEND7
ENSG00000165650,PDZD8
ENSG00000165671,NSD1
ENSG00000165688,PMPCA
ENSG00000165694,FRMD7
ENSG00000165699,TSC1
ENSG00000165702,GFI1B
ENSG00000165731,RET
ENSG00000165819,METTL3
ENSG00000165915,SLC39A13
ENSG00000165916,PSMC3
ENSG00000165949,IFI27
ENSG00000165983,PTER
ENSG00000165995,CACNB2
ENSG00000166006,KCNC2
ENSG00000166033,HTRA1
ENSG00000166035,LIPC
ENSG00000166128,RAB8B
ENSG00000166135,HIF1AN
ENSG00000166147,FBN1
ENSG00000166152,C16orf78
ENSG00000166165,CKB
ENSG00000166192,SENP8
ENSG00000166199,ALKBH3
ENSG00000166206,GABRB3
ENSG00000166224,SGPL1
ENSG00000166263,STXBP4
ENSG00000166275,BORCS7
ENSG00000166278,C2
ENSG00000166323,C11orf65
ENSG00000166387,PPFIBP2
ENSG00000166391,MOGAT2
ENSG00000166407,LMO1
ENSG00000166444,DENND2B
ENSG00000166479,TMX3
ENSG00000166483,WEE1
ENSG00000166501,PRKCB
ENSG00000166589,CDH16
ENSG00000166603,MC4R
ENSG00000166669,ATF7IP2
ENSG00000166710,B2M
ENSG00000166736,HTR3A
ENSG00000166747,AP1G1
ENSG00000166783,MARF1
ENSG00000166887,VPS39
ENSG00000166888,STAT6
ENSG00000166913,YWHAB
ENSG00000166923,GREM1
ENSG00000166947,EPB42
ENSG00000166949,SMAD3
ENSG00000166963,MAP1A
ENSG00000166986,MARS1
ENSG00000167074,TEF
ENSG00000167104,BPIFB6
ENSG00000167139,TBC1D21
ENSG00000167157,PRRX2
ENSG00000167165,UGT1A6
ENSG00000167183,PRR15L
ENSG00000167208,SNX20
ENSG00000167210,LOXHD1
ENSG00000167244,IGF2
ENSG00000167258,CDK12
ENSG00000167261,DPEP2
ENSG00000167286,CD3D
ENSG00000167306,MYO5B
ENSG00000167315,ACAA2
ENSG00000167325,RRM1
ENSG00000167371,PRRT2
ENSG00000167397,VKORC1
ENSG00000167460,TPM4
ENSG00000167508,MVD
ENSG00000167523,SPATA33
ENSG00000167535,CACNB3
ENSG00000167548,KMT2D
ENSG00000167552,TUBA1A
ENSG00000167553,TUBA1C
ENSG00000167601,AXL
ENSG00000167608,TMC4
ENSG00000167642,SPINT2
ENSG00000167653,PSCA
ENSG00000167656,LY6D
ENSG00000167658,EEF2
ENSG00000167711,SERPINF2
ENSG00000167716,WDR81
ENSG00000167720,SRR
ENSG00000167721,TSR1
ENSG00000167757,KLK11
ENSG00000167772,ANGPTL4
ENSG00000167778,SPRYD3
ENSG00000167780,SOAT2
ENSG00000167792,NDUFV1
ENSG00000167910,CYP7A1
ENSG00000167941,SOST
ENSG00000167972,ABCA3
ENSG00000167985,SDHAF2
ENSG00000167986,DDB1
ENSG00000167995,BEST1
ENSG00000168010,ATG16L2
ENSG00000168016,TRANK1
ENSG00000168036,CTNNB1
ENSG00000168038,ULK4
ENSG00000168061,SAC3D1
ENSG00000168065,SLC22A11
ENSG00000168071,CCDC88B
ENSG00000168079,SCARA5
ENSG00000168137,SETD5
ENSG00000168140,VASN
ENSG00000168214,RBPJ
ENSG00000168264,IRF2BP2
ENSG00000168291,PDHB
ENSG00000168297,PXK
ENSG00000168301,KCTD6
ENSG00000168356,SCN11A
ENSG00000168385,SEPTIN2
ENSG00000168389,MFSD2A
ENSG00000168411,RFWD3
ENSG00000168421,RHOH
ENSG00000168453,HR
ENSG00000168487,BMP1
ENSG00000168488,ATXN2L
ENSG00000168538,TRAPPC11
ENSG00000168539,CHRM1
ENSG00000168542,COL3A1
ENSG00000168610,STAT3
ENSG00000168646,AXIN2
ENSG00000168653,NDUFS5
ENSG00000168672,LRATD2
ENSG00000168685,IL7R
ENSG00000168769,TET2
ENSG00000168772,CXXC4
ENSG00000168792,ABHD15
ENSG00000168811,IL12A
ENSG00000168843,FSTL5
ENSG00000168883,USP39
ENSG00000168899,VAMP5
ENSG00000168916,ZNF608
ENSG00000168917,SLC35G2
ENSG00000168918,INPP5D
ENSG00000168936,TMEM129
ENSG00000168944,CEP120
ENSG00000168959,GRM5
ENSG00000169031,COL4A3
ENSG00000169032,MAP2K1
ENSG00000169047,IRS1
ENSG00000169062,UPF3A
ENSG00000169067,ACTBL2
ENSG00000169083,AR
ENSG00000169116,PARM1
ENSG00000169118,CSNK1G1
ENSG00000169126,ODAD2
ENSG00000169129,AFAP1L2
ENSG00000169174,PCSK9
ENSG00000169180,XPO6
ENSG00000169184,MN1
ENSG00000169194,IL13
ENSG00000169220,RGS14
ENSG00000169231,THBS3
ENSG00000169245,CXCL10
ENSG00000169252,ADRB2
ENSG00000169282,KCNAB1
ENSG00000169344,UMOD
ENSG00000169429,CXCL8
ENSG00000169432,SCN9A
ENSG00000169436,COL22A1
ENSG00000169504,CLIC4
ENSG00000169507,SLC38A11
ENSG00000169519,METTL15
ENSG00000169554,ZEB2
ENSG00000169592,INO80E
ENSG00000169676,DRD5
ENSG00000169684,CHRNA5
ENSG00000169710,FASN
ENSG00000169764,UGP2
ENSG00000169783,LINGO1
ENSG00000169836,TACR3
ENSG00000169851,PCDH7
ENSG00000169862,CTNND2
ENSG00000169903,TM4SF4
ENSG00000169925,BRD3
ENSG00000169926,KLF13
ENSG00000169994,MYO7B
ENSG00000170017,ALCAM
ENSG00000170035,UBE2E3
ENSG00000170092,SPDYE5
ENSG00000170153,RNF150
ENSG00000170175,CHRNB1
ENSG00000170180,GYPA
ENSG00000170214,ADRA1B
ENSG00000170231,FABP6
ENSG00000170236,USP50
ENSG00000170289,CNGB3
ENSG00000170312,CDK1
ENSG00000170323,FABP4
ENSG00000170367,CST5
ENSG00000170421,KRT8
ENSG00000170425,ADORA2B
ENSG00000170430,MGMT
ENSG00000170500,LONRF2
ENSG00000170509,HSD17B13
ENSG00000170522,ELOVL6
ENSG00000170558,CDH2
ENSG00000170604,IRF2BP1
ENSG00000170606,HSPA4
ENSG00000170615,SLC26A5
ENSG00000170624,SGCD
ENSG00000170681,CAVIN4
ENSG00000170745,KCNS3
ENSG00000170776,AKAP13
ENSG00000170852,KBTBD2
ENSG00000170873,MTSS1
ENSG00000170917,NUDT6
ENSG00000170921,TANC2
ENSG00000170927,PKHD1
ENSG00000170959,DCDC1
ENSG00000170961,HAS2
ENSG00000170989,S1PR1
ENSG00000171044,XKR6
ENSG00000171051,FPR1
ENSG00000171055,FEZ2
ENSG00000171056,SOX7
ENSG00000171094,ALK
ENSG00000171105,INSR
ENSG00000171132,PRKCE
ENSG00000171174,RBKS
ENSG00000171201,SMR3B
ENSG00000171202,TMEM126A
ENSG00000171204,TMEM126B
ENSG00000171298,GAA
ENSG00000171303,KCNK3
ENSG00000171310,CHST11
ENSG00000171316,CHD7
ENSG00000171408,PDE7B
ENSG00000171444,MCC
ENSG00000171456,ASXL1
ENSG00000171490,RSL1D1
ENSG00000171492,LRRC8D
ENSG00000171497,PPID
ENSG00000171503,ETFDH
ENSG00000171517,LPAR3
ENSG00000171530,TBCA
ENSG00000171532,NEUROD2
ENSG00000171551,ECEL1
ENSG00000171557,FGG
ENSG00000171564,FGB
ENSG00000171608,PIK3CD
ENSG00000171621,SPSB1
ENSG00000171634,BPTF
ENSG00000171681,ATF7IP
ENSG00000171695,LKAAEAR1
ENSG00000171700,RGS19
ENSG00000171759,PAH
ENSG00000171766,GATM
ENSG00000171790,SLFNL1
ENSG00000171791,BCL2
ENSG00000171848,RRM2
ENSG00000171862,PTEN
ENSG00000171873,ADRA1D
ENSG00000171877,FRMD5
ENSG00000171885,AQP4
ENSG00000171940,ZNF217
ENSG00000171988,JMJD1C
ENSG00000172006,ZNF554
ENSG00000172009,THOP1
ENSG00000172020,GAP43
ENSG00000172037,LAMB2
ENSG00000172062,SMN1
ENSG00000172113,NME6
ENSG00000172137,CALB2
ENSG00000172164,SNTB1
ENSG00000172175,MALT1
ENSG00000172179,PRL
ENSG00000172201,ID4
ENSG00000172216,CEBPB
ENSG00000172247,C1QTNF4
ENSG00000172260,NEGR1
ENSG00000172262,ZNF131
ENSG00000172264,MACROD2
ENSG00000172403,SYNPO2
ENSG00000172493,AFF1
ENSG00000172530,BANP
ENSG00000172572,PDE3A
ENSG00000172575,RASGRP1
ENSG00000172732,MUS81
ENSG00000172795,DCP2
ENSG00000172803,SNX32
ENSG00000172818,OVOL1
ENSG00000172828,CES3
ENSG00000172831,CES2
ENSG00000172927,MYEOV
ENSG00000172936,MYD88
ENSG00000172977,KAT5
ENSG00000172987,HPSE2
ENSG00000172995,ARPP21
ENSG00000173013,CFAP184
ENSG00000173064,HECTD4
ENSG00000173068,BNC2
ENSG00000173093,CCDC63
ENSG00000173153,ESRRA
ENSG00000173208,ABCD2
ENSG00000173250,GPR151
ENSG00000173253,DMRT2
ENSG00000173273,TNKS
ENSG00000173281,PPP1R3B
ENSG00000173334,TRIB1
ENSG00000173409,ARV1
ENSG00000173431,RNASE8
ENSG00000173436,MICOS10
ENSG00000173442,EHBP1L1
ENSG00000173452,TMEM196
ENSG00000173473,SMARCC1
ENSG00000173482,PTPRM
ENSG00000173511,VEGFB
ENSG00000173517,PEAK1
ENSG00000173531,MST1
ENSG00000173540,GMPPB
ENSG00000173567,ADGRF3
ENSG00000173575,CHD2
ENSG00000173599,PC
ENSG00000173638,SLC19A1
ENSG00000173706,HEG1
ENSG00000173757,STAT5B
ENSG00000173786,CNP
ENSG00000173821,RNF213
ENSG00000173960,UBXN2A
ENSG00000173991,TCAP
ENSG00000174032,SLC25A30
ENSG00000174059,CD34
ENSG00000174080,CTSF
ENSG00000174099,MSRB3
ENSG00000174175,SELP
ENSG00000174197,MGA
ENSG00000174358,SLC6A19
ENSG00000174417,TRHR
ENSG00000174446,SNAPC5
ENSG00000174482,LINGO2
ENSG00000174483,BBS1
ENSG00000174485,DENND4A
ENSG00000174579,MSL2
ENSG00000174611,KY
ENSG00000174697,LEP
ENSG00000174721,FGFBP3
ENSG00000174744,BRMS1
ENSG00000174842,GLMN
ENSG00000174886,NDUFA11
ENSG00000174938,SEZ6L2
ENSG00000174945,AMZ1
ENSG00000174948,GPR149
ENSG00000174953,DHX36
ENSG00000174963,ZIC4
ENSG00000174996,KLC2
ENSG00000175003,SLC22A1
ENSG00000175054,ATR
ENSG00000175155,YPEL2
ENSG00000175161,CADM2
ENSG00000175164,ABO
ENSG00000175189,INHBC
ENSG00000175206,NPPA
ENSG00000175213,ZNF408
ENSG00000175287,PHYHD1
ENSG00000175309,PHYKPL
ENSG00000175354,PTPN2
ENSG00000175376,EIF1AD
ENSG00000175387,SMAD2
ENSG00000175445,LPL
ENSG00000175470,PPP2R2D
ENSG00000175482,POLD4
ENSG00000175497,DPP10
ENSG00000175595,ERCC4
ENSG00000175600,SUGCT
ENSG00000175643,RMI2
ENSG00000175707,KDF1
ENSG00000175727,MLXIP
ENSG00000175764,TTLL11
ENSG00000175806,MSRA
ENSG00000175832,ETV4
ENSG00000175857,GAPT
ENSG00000175920,DOK7
ENSG00000175928,LRRN1
ENSG00000175970,UNC119B
ENSG00000176014,TUBB6
ENSG00000176022,B3GALT6
ENSG00000176046,NUPR1
ENSG00000176153,GPX2
ENSG00000176155,CCDC57
ENSG00000176165,FOXG1
ENSG00000176170,SPHK1
ENSG00000176208,ATAD5
ENSG00000176209,SMIM19
ENSG00000176225,RTTN
ENSG00000176248,ANAPC2
ENSG00000176390,CRLF3
ENSG00000176422,SPRYD4
ENSG00000176428,VPS37D
ENSG00000176435,CLEC14A
ENSG00000176463,SLCO3A1
ENSG00000176681,LRRC37A
ENSG00000176769,TCERG1L
ENSG00000176884,GRIN1
ENSG00000176887,SOX11
ENSG00000176890,TYMS
ENSG00000176909,MAMSTR
ENSG00000176920,FUT2
ENSG00000176928,GCNT4
ENSG00000176946,THAP4
ENSG00000176986,SEC24C
ENSG00000177084,POLE
ENSG00000177182,CLVS1
ENSG00000177239,MAN1B1
ENSG00000177311,ZBTB38
ENSG00000177374,HIC1
ENSG00000177432,NAP1L5
ENSG00000177455,CD19
ENSG00000177479,ARIH2
ENSG00000177565,TBL1XR1
ENSG00000177570,SAMD12
ENSG00000177606,JUN
ENSG00000177628,GBA1
ENSG00000177854,TMEM187
ENSG00000177885,GRB2
ENSG00000177889,UBE2N
ENSG00000177951,BET1L
ENSG00000177989,CIMAP1B
ENSG00000177994,CIMIP6
ENSG00000178031,ADAMTSL1
ENSG00000178035,IMPDH2
ENSG00000178057,NDUFAF3
ENSG00000178096,BOLA1
ENSG00000178177,LCORL
ENSG00000178202,POGLUT3
ENSG00000178363,CALML3
ENSG00000178409,BEND3
ENSG00000178425,NT5DC1
ENSG00000178445,GLDC
ENSG00000178538,CA8
ENSG00000178562,CD28
ENSG00000178568,ERBB4
ENSG00000178573,MAF
ENSG00000178645,C10orf53
ENSG00000178685,PARP10
ENSG00000178691,SUZ12
ENSG00000178694,NSUN3
ENSG00000178741,COX5A
ENSG00000178852,EFCAB13
ENSG00000178919,FOXE1
ENSG00000178921,PFAS
ENSG00000178950,GAK
ENSG00000178951,ZBTB7A
ENSG00000178966,RMI1
ENSG00000178974,FBXO34
ENSG00000179023,KLHDC7A
ENSG00000179104,TMTC2
ENSG00000179119,SPTY2D1
ENSG00000179195,ZNF664
ENSG00000179218,CALR
ENSG00000179242,CDH4
ENSG00000179295,PTPN11
ENSG00000179348,GATA2
ENSG00000179364,PACS2
ENSG00000179399,GPC5
ENSG00000179409,GEMIN4
ENSG00000179477,ALOX12B
ENSG00000179520,SLC17A8
ENSG00000179588,ZFPM1
ENSG00000179627,ZBTB42
ENSG00000179630,LACC1
ENSG00000179889,PDXDC1
ENSG00000179912,R3HDM2
ENSG00000179915,NRXN1
ENSG00000179930,ZNF648
ENSG00000179943,FIZ1
ENSG00000180011,PTGR3
ENSG00000180316,PNPLA1
ENSG00000180376,CCDC66
ENSG00000180448,ARHGAP45
ENSG00000180509,KCNE1
ENSG00000180530,NRIP1
ENSG00000180592,SKIDA1
ENSG00000180616,SSTR2
ENSG00000180871,CXCR2
ENSG00000180902,D2HGDH
ENSG00000180938,ZNF572
ENSG00000180992,MRPL14
ENSG00000181004,BBS12
ENSG00000181019,NQO1
ENSG00000181027,FKRP
ENSG00000181092,ADIPOQ
ENSG00000181143,MUC16
ENSG00000181163,NPM1
ENSG00000181291,TMEM132E
ENSG00000181409,AATK
ENSG00000181449,SOX2
ENSG00000181467,RAP2B
ENSG00000181544,FANCB
ENSG00000181555,SETD2
ENSG00000181634,TNFSF15
ENSG00000181690,PLAG1
ENSG00000181722,ZBTB20
ENSG00000181754,AMIGO1
ENSG00000181788,SIAH2
ENSG00000181856,SLC2A4
ENSG00000181915,ADO
ENSG00000181961,OR4A16
ENSG00000182010,RTKN2
ENSG00000182054,IDH2
ENSG00000182095,TNRC18
ENSG00000182158,CREB3L2
ENSG00000182168,UNC5C
ENSG00000182179,UBA7
ENSG00000182187,CRYGB
ENSG00000182197,EXT1
ENSG00000182220,ATP6AP2
ENSG00000182256,GABRG3
ENSG00000182263,FIGN
ENSG00000182271,TMIGD1
ENSG00000182327,GLTPD2
ENSG00000182329,KIAA2012
ENSG00000182348,ZNF804B
ENSG00000182447,OTOL1
ENSG00000182472,CAPN12
ENSG00000182473,EXOC7
ENSG00000182533,CAV3
ENSG00000182578,CSF1R
ENSG00000182612,TSPAN10
ENSG00000182621,PLCB1
ENSG00000182674,KCNB2
ENSG00000182752,PAPPA
ENSG00000182771,GRID1
ENSG00000182782,HCAR2
ENSG00000182853,VMO1
ENSG00000182858,ALG12
ENSG00000182866,LCK
ENSG00000182985,CADM1
ENSG00000182993,C12orf60
ENSG00000183023,SLC8A1
ENSG00000183049,CAMK1D
ENSG00000183066,WBP2NL
ENSG00000183087,GAS6
ENSG00000183117,CSMD1
ENSG00000183150,GPR19
ENSG00000183166,CALN1
ENSG00000183230,CTNNA3
ENSG00000183258,DDX41
ENSG00000183287,CCBE1
ENSG00000183307,TMEM121B
ENSG00000183337,BCOR
ENSG00000183423,LRIT3
ENSG00000183454,GRIN2A
ENSG00000183508,TENT5C
ENSG00000183527,PSMG1
ENSG00000183530,PRR14L
ENSG00000183560,IZUMO1R
ENSG00000183570,PCBP3
ENSG00000183579,ZNRF3
ENSG00000183597,TANGO2
ENSG00000183624,HMCES
ENSG00000183638,RP1L1
ENSG00000183648,NDUFB1
ENSG00000183665,TRMT12
ENSG00000183682,BMP8A
ENSG00000183726,TMEM50A
ENSG00000183735,TBK1
ENSG00000183763,TRAIP
ENSG00000183765,CHEK2
ENSG00000183783,KCTD8
ENSG00000183813,CCR4
ENSG00000183826,BTBD9
ENSG00000183873,SCN5A
ENSG00000183888,SRARP
ENSG00000183955,KMT5A
ENSG00000183960,KCNH8
ENSG00000184005,ST6GALNAC3
ENSG00000184012,TMPRSS2
ENSG00000184058,TBX1
ENSG00000184108,TRIML1
ENSG00000184144,CNTN2
ENSG00000184160,ADRA2C
ENSG00000184185,KCNJ12
ENSG00000184226,PCDH9
ENSG00000184270,H2AC21
ENSG00000184304,PRKD1
ENSG00000184344,GDF3
ENSG00000184361,SPATA32
ENSG00000184371,CSF1
ENSG00000184378,ACTRT3
ENSG00000184381,PLA2G6
ENSG00000184384,MAML2
ENSG00000184500,PROS1
ENSG00000184507,NUTM1
ENSG00000184584,STING1
ENSG00000184588,PDE4B
ENSG00000184599,TAFA3
ENSG00000184602,SNN
ENSG00000184611,KCNH7
ENSG00000184640,SEPTIN9
ENSG00000184647,PRSS55
ENSG00000184661,CDCA2
ENSG00000184677,ZBTB40
ENSG00000184719,RNLS
ENSG00000184730,APOBR
ENSG00000184838,PRR16
ENSG00000184845,DRD1
ENSG00000184887,BTBD6
ENSG00000184903,IMMP2L
ENSG00000184908,CLCNKB
ENSG00000184937,WT1
ENSG00000184949,FAM227A
ENSG00000184983,NDUFA6
ENSG00000184986,TMEM121
ENSG00000185000,DGAT1
ENSG00000185010,F8
ENSG00000185022,MAFF
ENSG00000185053,SGCZ
ENSG00000185056,C5orf47
ENSG00000185104,FAF1
ENSG00000185236,RAB11B
ENSG00000185274,GALNT17
ENSG00000185294,SPPL2C
ENSG00000185305,ARL15
ENSG00000185313,SCN10A
ENSG00000185338,SOCS1
ENSG00000185339,TCN2
ENSG00000185344,ATP6V0A2
ENSG00000185345,PRKN
ENSG00000185352,HS6ST3
ENSG00000185379,RAD51D
ENSG00000185480,PARPBP
ENSG00000185483,ROR1
ENSG00000185507,IRF7
ENSG00000185515,BRCC3
ENSG00000185551,NR2F2
ENSG00000185559,DLK1
ENSG00000185591,SP1
ENSG00000185619,PCGF3
ENSG00000185627,PSMD13
ENSG00000185650,ZFP36L1
ENSG00000185651,UBE2L3
ENSG00000185652,NTF3
ENSG00000185658,BRWD1
ENSG00000185662,SMIM23
ENSG00000185664,PMEL
ENSG00000185774,KCNIP4
ENSG00000185803,SLC52A2
ENSG00000185811,IKZF1
ENSG00000185829,ARL17A
ENSG00000185920,PTCH1
ENSG00000185950,IRS2
ENSG00000185958,FAM186A
ENSG00000185963,BICD2
ENSG00000185989,RASA3
ENSG00000186010,NDUFA13
ENSG00000186047,DLEU7
ENSG00000186073,CDIN1
ENSG00000186081,KRT5
ENSG00000186094,AGBL4
ENSG00000186188,FFAR4
ENSG00000186193,SAPCD2
ENSG00000186205,MTARC1
ENSG00000186212,SOWAHB
ENSG00000186260,MRTFB
ENSG00000186265,BTLA
ENSG00000186297,GABRA5
ENSG00000186318,BACE1
ENSG00000186350,RXRA
ENSG00000186395,KRT10
ENSG00000186407,CD300E
ENSG00000186472,PCLO
ENSG00000186510,CLCNKA
ENSG00000186575,NF2
ENSG00000186577,SMIM29
ENSG00000186591,UBE2H
ENSG00000186635,ARAP1
ENSG00000186642,PDE2A
ENSG00000186716,BCR
ENSG00000186790,FOXE3
ENSG00000186827,TNFRSF4
ENSG00000186834,HEXIM1
ENSG00000186866,POFUT2
ENSG00000186868,MAPT
ENSG00000186889,TMEM17
ENSG00000187045,TMPRSS6
ENSG00000187048,CYP4A11
ENSG00000187049,TMEM216
ENSG00000187098,MITF
ENSG00000187240,DYNC2H1
ENSG00000187257,RSBN1L
ENSG00000187323,DCC
ENSG00000187391,MAGI2
ENSG00000187446,CHP1
ENSG00000187498,COL4A1
ENSG00000187546,AGMO
ENSG00000187553,CYP26C1
ENSG00000187608,ISG15
ENSG00000187672,ERC2
ENSG00000187720,THSD4
ENSG00000187730,GABRD
ENSG00000187741,FANCA
ENSG00000187758,ADH1A
ENSG00000187772,LIN28B
ENSG00000187783,TMEM72
ENSG00000187796,CARD9
ENSG00000188037,CLCN1
ENSG00000188039,NWD1
ENSG00000188064,WNT7B
ENSG00000188107,EYS
ENSG00000188243,COMMD6
ENSG00000188257,PLA2G2A
ENSG00000188290,HES4
ENSG00000188316,ENO4
ENSG00000188352,FOCAD
ENSG00000188372,ZP3
ENSG00000188385,JAKMIP3
ENSG00000188389,PDCD1
ENSG00000188428,BLOC1S5
ENSG00000188452,CERKL
ENSG00000188501,LCTL
ENSG00000188523,CFAP77
ENSG00000188529,SRSF10
ENSG00000188566,NDOR1
ENSG00000188582,PAQR9
ENSG00000188603,CLN3
ENSG00000188610,FAM72B
ENSG00000188641,DPYD
ENSG00000188672,RHCE
ENSG00000188729,OSTN
ENSG00000188738,FSIP2
ENSG00000188763,FZD9
ENSG00000188778,ADRB3
ENSG00000188807,TMEM201
ENSG00000188827,SLX4
ENSG00000188910,GJB3
ENSG00000188991,SLC15A5
ENSG00000189007,ADAT2
ENSG00000189043,NDUFA4
ENSG00000189045,ANKDD1B
ENSG00000189079,ARID2
ENSG00000189233,NUGGC
ENSG00000189283,FHIT
ENSG00000189292,ALKAL2
ENSG00000189403,HMGB1
ENSG00000196090,PTPRT
ENSG00000196092,PAX5
ENSG00000196132,MYT1
ENSG00000196159,FAT4
ENSG00000196196,HRCT1
ENSG00000196218,RYR1
ENSG00000196227,FAM217B
ENSG00000196230,TUBB
ENSG00000196233,LCOR
ENSG00000196236,XPNPEP3
ENSG00000196247,ZNF107
ENSG00000196262,PPIA
ENSG00000196275,GTF2IRD2
ENSG00000196284,SUPT3H
ENSG00000196296,ATP2A1
ENSG00000196396,PTPN1
ENSG00000196411,EPHB4
ENSG00000196428,TSC22D2
ENSG00000196455,PIK3R4
ENSG00000196465,MYL6B
ENSG00000196482,ESRRG
ENSG00000196498,NCOR2
ENSG00000196510,ANAPC7
ENSG00000196526,AFAP1
ENSG00000196535,MYO18A
ENSG00000196557,CACNA1H
ENSG00000196562,SULF2
ENSG00000196576,PLXNB2
ENSG00000196584,XRCC2
ENSG00000196586,MYO6
ENSG00000196591,HDAC2
ENSG00000196611,MMP1
ENSG00000196616,ADH1B
ENSG00000196620,UGT2B15
ENSG00000196628,TCF4
ENSG00000196660,SLC30A10
ENSG00000196664,TLR7
ENSG00000196684,HSH2D
ENSG00000196689,TRPV1
ENSG00000196704,AMZ2
ENSG00000196712,NF1
ENSG00000196730,DAPK1
ENSG00000196739,COL27A1
ENSG00000196782,MAML3
ENSG00000196821,ILRUN
ENSG00000196839,ADA
ENSG00000196876,SCN8A
ENSG00000196914,ARHGEF12
ENSG00000196917,HCAR1
ENSG00000196924,FLNA
ENSG00000196998,WDR45
ENSG00000197019,SERTAD1
ENSG00000197081,IGF2R
ENSG00000197114,ZGPAT
ENSG00000197122,SRC
ENSG00000197147,LRRC8B
ENSG00000197157,SND1
ENSG00000197165,SULT1A2
ENSG00000197170,PSMD12
ENSG00000197249,SERPINA1
ENSG00000197256,KANK2
ENSG00000197299,BLM
ENSG00000197375,SLC22A5
ENSG00000197381,ADARB1
ENSG00000197405,C5AR1
ENSG00000197406,DIO3
ENSG00000197461,PDGFA
ENSG00000197467,COL13A1
ENSG00000197535,MYO5A
ENSG00000197555,SIPA1L1
ENSG00000197557,IFT70A
ENSG00000197563,PIGN
ENSG00000197616,MYH6
ENSG00000197635,DPP4
ENSG00000197646,PDCD1LG2
ENSG00000197653,DNAH10
ENSG00000197694,SPTAN1
ENSG00000197712,FAM114A1
ENSG00000197724,PHF2
ENSG00000197728,RPS26
ENSG00000197757,HOXC6
ENSG00000197769,MAP1LC3C
ENSG00000197774,EME2
ENSG00000197822,OCLN
ENSG00000197837,H4C16
ENSG00000197852,INKA2
ENSG00000197859,ADAMTSL2
ENSG00000197860,SGTB
ENSG00000197879,MYO1C
ENSG00000197888,UGT2B17
ENSG00000197894,ADH5
ENSG00000197901,SLC22A6
ENSG00000197912,SPG7
ENSG00000197919,IFNA1
ENSG00000197959,DNM3
ENSG00000198033,TUBA3C
ENSG00000198056,PRIM1
ENSG00000198087,CD2AP
ENSG00000198099,ADH4
ENSG00000198105,ZNF248
ENSG00000198182,ZNF607
ENSG00000198189,HSD17B11
ENSG00000198223,CSF2RA
ENSG00000198246,SLC29A3
ENSG00000198270,TMEM116
ENSG00000198300,PEG3
ENSG00000198369,SPRED2
ENSG00000198373,WWP2
ENSG00000198400,NTRK1
ENSG00000198553,KCNRG
ENSG00000198556,ZNF789
ENSG00000198561,CTNND1
ENSG00000198569,SLC34A3
ENSG00000198604,BAZ1A
ENSG00000198610,AKR1C4
ENSG00000198625,MDM4
ENSG00000198626,RYR2
ENSG00000198643,FAM3D
ENSG00000198670,LPA
ENSG00000198695,MT-ND6
ENSG00000198732,SMOC1
ENSG00000198734,F5
ENSG00000198740,ZNF652
ENSG00000198743,SLC5A3
ENSG00000198763,MT-ND2
ENSG00000198785,GRIN3A
ENSG00000198786,MT-ND5
ENSG00000198792,TMEM184B
ENSG00000198793,MTOR
ENSG00000198794,SCAMP5
ENSG00000198805,PNP
ENSG00000198821,CD247
ENSG00000198822,GRM3
ENSG00000198835,GJC2
ENSG00000198836,OPA1
ENSG00000198838,RYR3
ENSG00000198840,MT-ND3
ENSG00000198846,TOX
ENSG00000198851,CD3E
ENSG00000198860,TSEN15
ENSG00000198873,GRK5
ENSG00000198876,DCAF12
ENSG00000198886,MT-ND4
ENSG00000198888,MT-ND1
ENSG00000198890,PRMT6
ENSG00000198899,MT-ATP6
ENSG00000198900,TOP1
ENSG00000198914,POU3F3
ENSG00000198920,KIAA0753
ENSG00000198933,TBKBP1
ENSG00000198945,L3MBTL3
ENSG00000198947,DMD
ENSG00000198964,SGMS1
ENSG00000203485,INF2
ENSG00000203734,ECT2L
ENSG00000203737,GPR52
ENSG00000203740,NTMT2
ENSG00000203760,CENPW
ENSG00000203857,HSD3B1
ENSG00000203867,RBM20
ENSG00000203896,LIME1
ENSG00000204006,C1orf185
ENSG00000204070,SYS1
ENSG00000204099,NEU4
ENSG00000204103,MAFB
ENSG00000204160,ZDHHC18
ENSG00000204178,MACO1
ENSG00000204262,COL5A2
ENSG00000204334,ERICH2
ENSG00000204335,SP5
ENSG00000204370,SDHD
ENSG00000204386,NEU1
ENSG00000204420,MPIG6B
ENSG00000204427,ABHD16A
ENSG00000204435,CSNK2B
ENSG00000204442,NALF1
ENSG00000204531,POU5F1
ENSG00000204592,HLA-E
ENSG00000204613,TRIM10
ENSG00000204634,TBC1D8
ENSG00000204671,IL31
ENSG00000204681,GABBR1
ENSG00000204764,RANBP17
ENSG00000204977,TRIM13
ENSG00000204991,SPIRE2
ENSG00000205213,LGR4
ENSG00000205220,PSMB10
ENSG00000205268,PDE7A
ENSG00000205302,SNX2
ENSG00000205403,CFI
ENSG00000205436,EXOC3L4
ENSG00000205482,SPDYE18
ENSG00000205531,NAP1L4
ENSG00000205542,TMSB4X
ENSG00000205643,CDPF1
ENSG00000205670,SMIM11
ENSG00000205683,DPF3
ENSG00000205809,KLRC2
ENSG00000205884,DEFB136
ENSG00000206026,SMIM21
ENSG00000206047,DEFA1
ENSG00000206503,HLA-A
ENSG00000206538,VGLL3
ENSG00000206557,TRIM71
ENSG00000206560,ANKRD28
ENSG00000206573,THUMPD3-AS1
ENSG00000208017,MIR140
ENSG00000211445,GPX3
ENSG00000211452,DIO1
ENSG00000211456,SACM1L
ENSG00000211668,IGLV2-11
ENSG00000211891,IGHE
ENSG00000212710,CTAGE1
ENSG00000212907,MT-ND4L
ENSG00000213047,DENND1B
ENSG00000213066,CEP43
ENSG00000213281,NRAS
ENSG00000213341,CHUK
ENSG00000213347,MXD3
ENSG00000213398,LCAT
ENSG00000213445,SIPA1
ENSG00000213463,SYNJ2BP
ENSG00000213619,NDUFS3
ENSG00000213639,PPP1CB
ENSG00000213658,LAT
ENSG00000213694,S1PR3
ENSG00000213699,SLC35F6
ENSG00000213809,KLRK1
ENSG00000213889,PPM1N
ENSG00000213949,ITGA1
ENSG00000213996,TM6SF2
ENSG00000214226,C17orf67
ENSG00000214357,NEURL1B
ENSG00000214435,AS3MT
ENSG00000214511,HIGD1C
ENSG00000215018,COL28A1
ENSG00000215114,UBXN2B
ENSG00000215131,C16orf90
ENSG00000215182,MUC5AC
ENSG00000215203,GRXCR1
ENSG00000215712,TMEM242
ENSG00000215817,ZC3H11B
ENSG00000215912,TTC34
ENSG00000217236,SP9
ENSG00000218819,TDRD15
ENSG00000219073,CELA3B
ENSG00000219438,TAFA5
ENSG00000221829,FANCG
ENSG00000221840,OR4A5
ENSG00000221843,SPATA31H1
ENSG00000221869,CEBPD
ENSG00000221914,PPP2R2A
ENSG00000221954,OR4C12
ENSG00000224578,HNRNPA1L3
ENSG00000225366,CRIPTO3
ENSG00000225950,NTF4
ENSG00000225997,OR4A8
ENSG00000226650,KIF4B
ENSG00000227059,ANHX
ENSG00000227500,SCAMP4
ENSG00000228278,ORM2
ENSG00000228630,HOTAIR
ENSG00000228696,ARL17B
ENSG00000228716,DHFR
ENSG00000229344,MTCO2P12
ENSG00000229544,NKX1-2
ENSG00000229859,PGA3
ENSG00000230561,CCDC192
ENSG00000232810,TNF
ENSG00000233608,TWIST2
ENSG00000234224,TMEM229A
ENSG00000234829,IFNA17
ENSG00000234906,APOC2
ENSG00000236444,UBE2L5
ENSG00000237388,OR4A47
ENSG00000237649,KIFC1
ENSG00000237651,C2orf74
ENSG00000238083,LRRC37A2
ENSG00000239264,TXNDC5
ENSG00000239268,LINC03051
ENSG00000239642,MEIKIN
ENSG00000239732,TLR9
ENSG00000240021,TEX35
ENSG00000240230,COX19
ENSG00000240505,TNFRSF13B
ENSG00000240583,AQP1
ENSG00000240972,MIF
ENSG00000241119,UGT1A9
ENSG00000241127,YAE1
ENSG00000241468,ATP5MF
ENSG00000241476,SSX2
ENSG00000241644,INMT
ENSG00000241685,ARPC1A
ENSG00000242110,AMACR
ENSG00000242114,MTFP1
ENSG00000242120,MDFIC2
ENSG00000242366,UGT1A8
ENSG00000242866,STRC
ENSG00000242950,ERVW-1
ENSG00000243509,TNFRSF6B
ENSG00000243646,IL10RB
ENSG00000243667,DNAAF10
ENSG00000243710,CFAP57
ENSG00000243789,JMJD7
ENSG00000243955,GSTA1
ENSG00000244067,GSTA2
ENSG00000244122,UGT1A7
ENSG00000244274,DBNDD2
ENSG00000244405,ETV5
ENSG00000244462,RBM12
ENSG00000244474,UGT1A4
ENSG00000244694,PTCHD4
ENSG00000244731,C4A
ENSG00000244752,CRYBB2
ENSG00000245532,NEAT1
ENSG00000245848,CEBPA
ENSG00000246922,UBAP1L
ENSG00000247626,MARS2
ENSG00000248144,ADH1C
ENSG00000248333,CDK11B
ENSG00000250317,SMIM20
ENSG00000250361,GYPB
ENSG00000250479,CHCHD10
ENSG00000250571,GLI4
ENSG00000251322,SHANK3
ENSG00000251562,MALAT1
ENSG00000253649,PRSS51
ENSG00000253831,ETV3L
ENSG00000253846,PCDHGA10
ENSG00000254093,PINX1
ENSG00000254585,MAGEL2
ENSG00000254647,INS
ENSG00000254656,RTL1
ENSG00000255398,HCAR3
ENSG00000255974,CYP2A6
ENSG00000256269,HMBS
ENSG00000256762,STH
ENSG00000257017,HP
ENSG00000257365,FNTB
ENSG00000257594,GALNT4
ENSG00000257923,CUX1
ENSG00000258643,BCL2L2-PABPN1
ENSG00000258817,OR4C13
ENSG00000258947,TUBB3
ENSG00000259207,ITGB3
ENSG00000259571,BLID
ENSG00000260230,FRRS1L
ENSG00000260314,MRC1
ENSG00000260811,OR4C45
ENSG00000261150,EPPK1
ENSG00000261456,TUBB8
ENSG00000261649,GOLGA6L7
ENSG00000261701,HPR
ENSG00000262246,CORO7
ENSG00000262406,MMP12
ENSG00000262655,SPON1
ENSG00000263001,GTF2I
ENSG00000263510,MIR4497
ENSG00000264006,AKR1C8
ENSG00000265107,GJA5
ENSG00000265681,RPL17
ENSG00000265972,TXNIP
ENSG00000266074,BAHCC1
ENSG00000266265,KLF14
ENSG00000266412,NCOA4
ENSG00000266472,MRPS21
ENSG00000267467,APOC4
ENSG00000267508,ZNF285
ENSG00000267534,S1PR2
ENSG00000267673,FDX2
ENSG00000267680,ZNF224
ENSG00000267855,NDUFA7
ENSG00000268089,GABRQ
ENSG00000269699,ZIM2
ENSG00000269858,EGLN2
ENSG00000270647,TAF15
ENSG00000271425,NBPF10
ENSG00000272047,GTF2H5
ENSG00000272333,KMT2B
ENSG00000272391,POM121C
ENSG00000272398,CD24
ENSG00000273079,GRIN2B
ENSG00000273542,H4C12
ENSG00000273706,LHX1
ENSG00000273777,CEACAM20
ENSG00000274286,ADRA2B
ENSG00000275074,NUDT18
ENSG00000275342,PRAG1
ENSG00000275410,HNF1B
ENSG00000275572,GRIFIN
ENSG00000275713,H2BC9
ENSG00000276043,UHRF1
ENSG00000276410,H2BC3
ENSG00000276644,DACH1
ENSG00000277149,TYW1B
ENSG00000277200,CCDC92B
ENSG00000278318,ZNF229
ENSG00000278570,NR2E3
ENSG00000278588,H2BC10
ENSG00000278677,H2AC17
ENSG00000281406,BLACAT1
ENSG00000283247,CCDC201
ENSG00000283632,EXOC3L2
ENSG00000283654,CIROP
ENSG00000284862,CCDC39
ENSG00000285508,ENSG00000285508
ENSG00000286219,NOTCH2NLC
ENSG00000288529,ENSG00000288529
ENSG00000288712,ENSG00000288712
ENSG00000289051,MLDHR
ENSG00000289710,ENSG00000289710
ENSG00000290320,H2BN1
ENSG00000291237,SOD2
ENSG00000291307,POLGARF
ENSG00000291315,ENSG00000291315
ENSG00000293560,MYH16
ENSG00000293584,ENSG00000293584
